Car_name,BP_USD,MP_USD,FP_USD,Make,Segment,Min_CC,Max_CC,Single_CC,Min_HP,Max_HP,No_add_prf,FE_KML_MIN,FE_KML_MAX,TCO_Min,TCO_Max,YTD,YTD LY,CHANGE %,Year,FED_INT_CHG,UNMP_CHG,GDP_CHG,UNMP_RATE
Volkswagen Jetta,22500.00,26000.00,30000.00,Volkswagen,B1,1600.00,2000.00,,150.00,228.00,,15.00,18.00,4000.00,6000.00,97461.00,98951.00,-1.51,2008.00,50.00,100.00,4.30,6.65
Ford Focus,20000.00,23000.00,27000.00,Ford,B1,1600.00,2000.00,,120.00,252.00,,15.00,20.00,4000.00,6000.00,195823.00,173213.00,13.05,2008.00,50.00,100.00,4.30,6.65
Hyundai Elantra,20500.00,23000.00,28000.00,Hyundai,B1,1600.00,2000.00,,120.00,276.00,,14.00,18.00,4000.00,6000.00,94720.00,85724.00,10.49,2008.00,50.00,100.00,4.30,6.65
Audi TT,40000.00,45000.00,55000.00,Audi,D2,1800.00,2000.00,,160.00,280.00,,9.00,12.00,7000.00,9500.00,4486.00,4355.00,3.01,2008.00,50.00,100.00,4.30,6.65
Audi A3,30000.00,35000.00,40000.00,Audi,B1,1800.00,2000.00,,150.00,300.00,,12.00,15.00,6000.00,8500.00,4759.00,6354.00,-25.10,2008.00,50.00,100.00,4.30,6.65
Honda Civic,23000.00,26000.00,30000.00,Honda,B1,1800.00,2000.00,,158.00,306.00,,15.00,18.00,4000.00,6000.00,335126.00,331095.00,1.22,2008.00,50.00,100.00,4.30,6.65
Audi A4,40000.00,45000.00,55000.00,Audi,C1,1800.00,2000.00,,190.00,320.00,,10.00,14.00,6500.00,9000.00,43344.00,45411.00,-4.55,2008.00,50.00,100.00,4.30,6.65
BMW 1-Series,30000.00,35000.00,40000.00,BMW,B1,1600.00,2000.00,,135.00,320.00,,12.00,16.00,6500.00,9000.00,12018.00,0.00,0.00,2008.00,50.00,100.00,4.30,6.65
Mercedes-Benz C-Class,44000.00,50000.00,60000.00,Mercedes-Benz,C1,1600.00,2000.00,,180.00,510.00,,12.00,16.00,7000.00,9500.00,72471.00,63701.00,13.77,2008.00,50.00,100.00,4.30,6.65
Kia Sportage,25000.00,28000.00,33000.00,Kia,C2,2000.00,2400.00,,155.00,240.00,,12.00,15.00,5000.00,7000.00,32754.00,49393.00,-33.69,2008.00,50.00,100.00,4.30,6.65
Saturn Vue,23000.00,26000.00,30000.00,Saturn,C2,2200.00,2400.00,,169.00,252.00,,13.00,16.00,4000.00,6000.00,81676.00,84767.00,-3.65,2008.00,50.00,100.00,4.30,6.65
Chevrolet Malibu,23500.00,26000.00,30000.00,Chevrolet,B2,1500.00,2500.00,,160.00,250.00,,14.00,17.00,4500.00,6500.00,178964.00,144096.00,24.20,2008.00,50.00,100.00,4.30,6.65
Mazda 3,22500.00,25500.00,30000.00,Mazda,B1,1800.00,2500.00,,155.00,250.00,,14.00,17.00,4000.00,6000.00,109957.00,120291.00,-8.59,2008.00,50.00,100.00,4.30,6.65
Volkswagen Passat,24000.00,28000.00,33000.00,Volkswagen,C1,1800.00,2500.00,,174.00,280.00,,12.00,16.00,4500.00,7000.00,30816.00,37182.00,-17.12,2008.00,50.00,100.00,4.30,6.65
Volkswagen CC,35000.00,40000.00,45000.00,Volkswagen,C1,2000.00,2500.00,,200.00,280.00,,9.00,12.00,6500.00,9000.00,1323.00,0.00,0.00,2008.00,50.00,100.00,4.30,6.65
Hyundai Sonata,25500.00,28500.00,35000.00,Hyundai,B2,2400.00,2500.00,,191.00,290.00,,13.00,16.00,4000.00,6000.00,117357.00,145568.00,-19.38,2008.00,50.00,100.00,4.30,6.65
Saab 9-5,40000.00,45000.00,50000.00,Saab,C1,2000.00,2500.00,,160.00,300.00,,10.00,13.00,7000.00,9500.00,2538.00,4357.00,-41.75,2008.00,50.00,100.00,4.30,6.65
BMW X3,45000.00,50000.00,60000.00,BMW,C2,2000.00,2500.00,,184.00,355.00,,9.00,12.00,7500.00,10000.00,17622.00,28058.00,-37.19,2008.00,50.00,100.00,4.30,6.65
Saab 9-3,32000.00,36000.00,42000.00,Saab,C1,2000.00,2500.00,,210.00,210.00,1.00,10.00,14.00,5500.00,7500.00,15167.00,22979.00,-34.00,2008.00,50.00,100.00,4.30,6.65
Mitsubishi Outlander,25000.00,28000.00,33000.00,Mitsubishi,C2,2400.00,2500.00,,168.00,168.00,1.00,10.00,13.00,5000.00,7000.00,13471.00,23285.00,-42.15,2008.00,50.00,100.00,4.30,6.65
Ford Fusion,25000.00,28000.00,34000.00,Ford,B2,2500.00,2700.00,,175.00,250.00,,13.00,16.00,4500.00,6500.00,147569.00,149552.00,-1.33,2008.00,50.00,100.00,4.30,6.65
Mercedes-Benz Sprinter,40000.00,45000.00,55000.00,Mercedes-Benz,D1,2200.00,3000.00,,163.00,250.00,,8.00,12.00,7500.00,10000.00,14600.00,16586.00,-11.97,2008.00,50.00,100.00,4.30,6.65
Volvo XC90,50000.00,55000.00,65000.00,Volvo,C2,2400.00,3000.00,,240.00,325.00,,8.00,12.00,8000.00,11000.00,18980.00,31336.00,-39.43,2008.00,50.00,100.00,4.30,6.65
BMW 3-Series,42000.00,48000.00,55000.00,BMW,C1,2000.00,3000.00,,180.00,330.00,,12.00,15.00,6500.00,8500.00,112464.00,142488.00,-21.07,2008.00,50.00,100.00,4.30,6.65
Audi Q7,55000.00,60000.00,70000.00,Audi,C2,2000.00,3000.00,,245.00,333.00,,9.00,12.00,8000.00,11000.00,13209.00,20695.00,-36.17,2008.00,50.00,100.00,4.30,6.65
Audi A6,45000.00,50000.00,60000.00,Audi,C1,2000.00,3000.00,,190.00,333.00,,9.00,12.00,7000.00,10000.00,11956.00,12092.00,-1.12,2008.00,50.00,100.00,4.30,6.65
BMW Z4,45000.00,50000.00,60000.00,BMW,D2,2000.00,3000.00,,180.00,335.00,,8.00,12.00,7500.00,10000.00,5879.00,10097.00,-41.77,2008.00,50.00,100.00,4.30,6.65
Audi A5,40000.00,45000.00,55000.00,Audi,C1,2000.00,3000.00,,190.00,354.00,,9.00,12.00,7500.00,10000.00,6282.00,625.00,905.12,2008.00,50.00,100.00,4.30,6.65
Mercedes-Benz SLC,50000.00,60000.00,70000.00,Mercedes-Benz,D2,2000.00,3000.00,,241.00,385.00,,9.00,12.00,7500.00,10500.00,5043.00,7274.00,-30.67,2008.00,50.00,100.00,4.30,6.65
BMW X5,60000.00,65000.00,75000.00,BMW,C2,2000.00,3000.00,,255.00,523.00,,10.00,14.00,8500.00,12000.00,31858.00,35201.00,-9.50,2008.00,50.00,100.00,4.30,6.65
BMW 5-Series,55000.00,60000.00,70000.00,BMW,C1,2000.00,3000.00,,248.00,617.00,,10.00,14.00,8000.00,12000.00,45915.00,54141.00,-15.19,2008.00,50.00,100.00,4.30,6.65
Nissan Altima,25000.00,27500.00,33000.00,Nissan,C1,2500.00,3500.00,,188.00,248.00,,14.00,17.00,5000.00,7500.00,271668.00,284762.00,-4.60,2008.00,50.00,100.00,4.30,6.65
Honda Accord,27500.00,32000.00,37000.00,Honda,C1,2400.00,3500.00,,190.00,252.00,,14.00,17.00,5000.00,7000.00,368161.00,382231.00,-3.68,2008.00,50.00,100.00,4.30,6.65
Toyota Tacoma,28000.00,34000.00,43000.00,Toyota,C2,2700.00,3500.00,,159.00,278.00,,10.00,13.00,6000.00,8000.00,144653.00,173238.00,-16.50,2008.00,50.00,100.00,4.30,6.65
Kia Sorento,30000.00,34000.00,42000.00,Kia,C2,2400.00,3500.00,,191.00,280.00,,12.00,15.00,5500.00,7500.00,29699.00,36300.00,-18.18,2008.00,50.00,100.00,4.30,6.65
Hyundai Santa Fe,28000.00,33000.00,40000.00,Hyundai,C2,2400.00,3500.00,,185.00,290.00,,12.00,15.00,5000.00,7500.00,70994.00,92421.00,-23.18,2008.00,50.00,100.00,4.30,6.65
Toyota Camry,27000.00,30000.00,35000.00,Toyota,C1,2500.00,3500.00,,203.00,301.00,,15.00,18.00,4500.00,6500.00,436617.00,472808.00,-7.65,2008.00,50.00,100.00,4.30,6.65
Lexus RX,45000.00,52000.00,60000.00,Lexus,C2,2500.00,3500.00,,295.00,308.00,,10.00,14.00,7000.00,9000.00,84181.00,103340.00,-18.54,2008.00,50.00,100.00,4.30,6.65
Ford Edge,32000.00,36000.00,40000.00,Ford,C2,2500.00,3500.00,,250.00,335.00,,12.00,15.00,5500.00,7500.00,110798.00,130125.00,-14.85,2008.00,50.00,100.00,4.30,6.65
Lexus IS,39000.00,42000.00,50000.00,Lexus,C1,2500.00,3500.00,,204.00,350.00,,10.00,14.00,7500.00,9000.00,49432.00,54933.00,-10.01,2008.00,50.00,100.00,4.30,6.65
Lexus GS,45000.00,50000.00,60000.00,Lexus,C1,2500.00,3500.00,,223.00,350.00,,9.00,12.00,7500.00,10000.00,17190.00,25448.00,-32.45,2008.00,50.00,100.00,4.30,6.65
Mercedes-Benz E-Class,55000.00,60000.00,70000.00,Mercedes-Benz,C1,2000.00,3500.00,,255.00,469.00,,10.00,14.00,8000.00,12000.00,37576.00,48950.00,-23.24,2008.00,50.00,100.00,4.30,6.65
Mercedes-Benz GLE,58000.00,63000.00,75000.00,Mercedes-Benz,D1,2100.00,3500.00,,255.00,503.00,,10.00,13.00,8500.00,12000.00,34320.00,33879.00,1.30,2008.00,50.00,100.00,4.30,6.65
Mercedes-Benz CLK,45000.00,50000.00,60000.00,Mercedes-Benz,C1,1800.00,3500.00,,204.00,507.00,,9.00,12.00,7500.00,10000.00,10844.00,15009.00,-27.75,2008.00,50.00,100.00,4.30,6.65
Chevrolet Equinox,28000.00,32000.00,38000.00,Chevrolet,C2,2400.00,3600.00,,170.00,252.00,,12.00,15.00,5000.00,7500.00,67447.00,89552.00,-24.68,2008.00,50.00,100.00,4.30,6.65
Chevrolet Impala,32000.00,35000.00,40000.00,Chevrolet,C1,2500.00,3600.00,,197.00,305.00,,12.00,15.00,5500.00,8000.00,265840.00,311128.00,-14.56,2008.00,50.00,100.00,4.30,6.65
Buick LaCrosse,30000.00,35000.00,42000.00,Buick,C1,2400.00,3600.00,,194.00,305.00,,10.00,13.00,5500.00,7500.00,36873.00,47747.00,-22.77,2008.00,50.00,100.00,4.30,6.65
Jeep Wrangler,34000.00,40000.00,50000.00,Jeep,C2,2000.00,3600.00,,285.00,375.00,,9.00,12.00,7500.00,10000.00,84615.00,119243.00,-29.04,2008.00,50.00,100.00,4.30,6.65
Chevrolet TrailBlazer,27000.00,31000.00,37000.00,Chevrolet,C2,2400.00,3600.00,,170.00,400.00,,12.00,15.00,5000.00,7500.00,75878.00,134626.00,-43.64,2008.00,50.00,100.00,4.30,6.65
Mercedes-Benz R-class,55000.00,60000.00,75000.00,Mercedes-Benz,C2,3000.00,4000.00,,210.00,350.00,,8.00,12.00,7500.00,10000.00,7733.00,13031.00,-40.66,2008.00,50.00,100.00,4.30,6.65
Mercedes-Benz CLS,60000.00,70000.00,90000.00,Mercedes-Benz,C1,2100.00,4000.00,,302.00,577.00,,8.00,12.00,8500.00,12000.00,5775.00,7906.00,-26.95,2008.00,50.00,100.00,4.30,6.65
Volkswagen Touareg,45000.00,50000.00,60000.00,Volkswagen,D1,3000.00,4200.00,,280.00,350.00,,8.00,12.00,7500.00,10000.00,6754.00,8812.00,-23.35,2008.00,50.00,100.00,4.30,6.65
Audi A8,70000.00,80000.00,100000.00,Audi,D1,3000.00,4200.00,,333.00,563.00,,7.00,10.00,10000.00,13000.00,2825.00,3826.00,-26.16,2008.00,50.00,100.00,4.30,6.65
BMW 6-Series,60000.00,70000.00,90000.00,BMW,D1,3000.00,4400.00,,315.00,445.00,,8.00,11.00,9000.00,12000.00,6533.00,9033.00,-27.68,2008.00,50.00,100.00,4.30,6.65
BMW X6,60000.00,70000.00,85000.00,BMW,D1,3000.00,4400.00,,300.00,567.00,,7.00,10.00,9000.00,12500.00,4548.00,0.00,0.00,2008.00,50.00,100.00,4.30,6.65
BMW 7-Series,85000.00,95000.00,110000.00,BMW,D1,3000.00,4400.00,,320.00,600.00,,8.00,12.00,10000.00,15000.00,12276.00,14777.00,-16.92,2008.00,50.00,100.00,4.30,6.65
Ford Mustang,28000.00,33000.00,50000.00,Ford,D2,2300.00,5000.00,,310.00,760.00,,8.00,13.00,5500.00,8500.00,91251.00,134626.00,-32.22,2008.00,50.00,100.00,4.30,6.65
Mercedes-Benz GL,65000.00,70000.00,85000.00,Mercedes-Benz,D1,3000.00,5500.00,,210.00,550.00,,10.00,13.00,9000.00,12000.00,23328.00,26396.00,-11.62,2008.00,50.00,100.00,4.30,6.65
Mercedes-Benz G-Class,130000.00,150000.00,180000.00,Mercedes-Benz,D2,4000.00,5500.00,,400.00,577.00,,7.00,10.00,15000.00,20000.00,931.00,1152.00,-19.18,2008.00,50.00,100.00,4.30,6.65
Toyota Tundra,34000.00,40000.00,50000.00,Toyota,D1,4000.00,5700.00,,310.00,381.00,,8.00,12.00,7500.00,10000.00,134249.00,196555.00,-31.70,2008.00,50.00,100.00,4.30,6.65
Ram Pickup,30000.00,40000.00,55000.00,Ram,D1,3600.00,5700.00,,305.00,400.00,,10.00,13.00,7000.00,10000.00,245840.00,358295.00,-31.39,2008.00,50.00,100.00,4.30,6.65
Dodge Magnum,28000.00,32000.00,38000.00,Dodge,C1,3500.00,5700.00,,250.00,425.00,,8.00,12.00,6000.00,8500.00,6912.00,30166.00,-77.09,2008.00,50.00,100.00,4.30,6.65
Mercedes-Benz S-Class,100000.00,110000.00,130000.00,Mercedes-Benz,D2,3500.00,6000.00,,330.00,621.00,,6.00,10.00,12000.00,15000.00,17787.00,26081.00,-31.80,2008.00,50.00,100.00,4.30,6.65
Mercedes-Benz SL,85000.00,95000.00,120000.00,Mercedes-Benz,D2,3500.00,6000.00,,302.00,621.00,,7.00,10.00,12000.00,15000.00,5464.00,6126.00,-10.81,2008.00,50.00,100.00,4.30,6.65
Mercedes-Benz CL,90000.00,100000.00,120000.00,Mercedes-Benz,D2,3500.00,6000.00,,382.00,621.00,,7.00,9.00,12000.00,15000.00,2733.00,3672.00,-25.57,2008.00,50.00,100.00,4.30,6.65
Chevrolet Silverado,33000.00,42000.00,60000.00,Chevrolet,D1,3600.00,6200.00,,285.00,420.00,,11.00,15.00,7500.00,9000.00,465065.00,618257.00,-24.78,2008.00,50.00,100.00,4.30,6.65
GMC Sierra,35000.00,45000.00,60000.00,GMC,D1,3600.00,6200.00,,285.00,420.00,,11.00,15.00,7500.00,9500.00,168544.00,208243.00,-19.06,2008.00,50.00,100.00,4.30,6.65
Dodge Charger,32000.00,38000.00,45000.00,Dodge,C1,3600.00,6400.00,,292.00,707.00,,9.00,13.00,6500.00,9000.00,97367.00,119289.00,-18.38,2008.00,50.00,100.00,4.30,6.65
Ford F-Series,35000.00,45000.00,65000.00,Ford,D1,2700.00,6700.00,,290.00,450.00,,12.00,15.00,7500.00,9500.00,515513.00,691589.00,-25.46,2008.00,50.00,100.00,4.30,6.65
Hyundai Tiburon,20000.00,23000.00,26000.00,Hyundai,D2,2000.00,2000.00,1.00,140.00,170.00,,12.00,15.00,4000.00,6000.00,9111.00,14073.00,-35.26,2008.00,50.00,100.00,4.30,6.65
Chevrolet Cobalt,17000.00,20000.00,23000.00,Chevrolet,B1,2200.00,2200.00,1.00,145.00,173.00,,14.00,18.00,3000.00,5000.00,188045.00,200620.00,-6.27,2008.00,50.00,100.00,4.30,6.65
Pontiac Vibe,19500.00,22000.00,26000.00,Pontiac,B1,1800.00,1800.00,1.00,132.00,180.00,,14.00,16.00,3500.00,5500.00,46551.00,37170.00,25.24,2008.00,50.00,100.00,4.30,6.65
Nissan Rogue,26500.00,30000.00,35000.00,Nissan,C2,2500.00,2500.00,1.00,170.00,181.00,,13.00,16.00,4500.00,6500.00,69135.00,17808.00,288.22,2008.00,50.00,100.00,4.30,6.65
Honda CR-V,28000.00,32000.00,37000.00,Honda,C2,2400.00,2400.00,1.00,190.00,190.00,,14.00,17.00,4500.00,6500.00,198505.00,219160.00,-9.42,2008.00,50.00,100.00,4.30,6.65
Suzuki Equator,25000.00,30000.00,35000.00,Suzuki,D1,4000.00,4000.00,1.00,160.00,200.00,,8.00,12.00,5000.00,7500.00,13.00,0.00,0.00,2008.00,50.00,100.00,4.30,6.65
Volkswagen Golf,23000.00,25000.00,30000.00,Volkswagen,B1,1600.00,1600.00,1.00,115.00,210.00,,14.00,18.00,4000.00,6000.00,15338.00,16399.00,-6.47,2008.00,50.00,100.00,4.30,6.65
Pontiac G6,20000.00,22000.00,26000.00,Pontiac,C1,2400.00,2400.00,1.00,169.00,224.00,,12.00,15.00,3500.00,5500.00,140246.00,150001.00,-6.50,2008.00,50.00,100.00,4.30,6.65
Mini Cooper,24000.00,28000.00,35000.00,Mini,A,1600.00,1600.00,1.00,134.00,228.00,,14.00,16.00,4500.00,6500.00,54077.00,42011.00,28.72,2008.00,50.00,100.00,4.30,6.65
Subaru Uplander / Venture,23000.00,27000.00,32000.00,Subaru/GM,C2,3500.00,3500.00,1.00,185.00,240.00,,10.00,13.00,5000.00,7000.00,40456.00,69910.00,-42.13,2008.00,50.00,100.00,4.30,6.65
Ford Escape,27500.00,31000.00,35000.00,Ford,C2,2500.00,2500.00,1.00,180.00,250.00,,12.00,15.00,5000.00,7000.00,156544.00,165596.00,-5.47,2008.00,50.00,100.00,4.30,6.65
Subaru Legacy,24500.00,28000.00,32000.00,Subaru,C1,2500.00,2500.00,1.00,175.00,250.00,,12.00,16.00,4500.00,6500.00,66876.00,78426.00,-14.73,2008.00,50.00,100.00,4.30,6.65
Mazda 6,24000.00,27000.00,33000.00,Mazda,C1,2500.00,2500.00,1.00,187.00,250.00,,12.00,15.00,4500.00,6000.00,52510.00,57575.00,-8.80,2008.00,50.00,100.00,4.30,6.65
Nissan Murano,34000.00,38000.00,45000.00,Nissan,C2,3500.00,3500.00,1.00,260.00,265.00,,12.00,14.00,6000.00,8000.00,71401.00,76358.00,-6.49,2008.00,50.00,100.00,4.30,6.65
Subaru Impreza,22500.00,25500.00,30000.00,Subaru,B1,2000.00,2000.00,1.00,152.00,265.00,,13.00,17.00,4000.00,6000.00,49098.00,46332.00,5.97,2008.00,50.00,100.00,4.30,6.65
Mitsubishi Eclipse Spyder,25000.00,30000.00,35000.00,Mitsubishi,D2,2400.00,2400.00,1.00,162.00,265.00,,8.00,12.00,5000.00,7500.00,4866.00,7138.00,-31.83,2008.00,50.00,100.00,4.30,6.65
Toyota RAV4,27500.00,31000.00,36000.00,Toyota,C2,2500.00,2500.00,1.00,203.00,270.00,,15.00,18.00,4500.00,6500.00,137020.00,172752.00,-20.68,2008.00,50.00,100.00,4.30,6.65
Mazda RX-8,30000.00,35000.00,40000.00,Mazda,D2,1300.00,1300.00,1.00,232.00,270.00,,8.00,12.00,7000.00,9500.00,3368.00,5767.00,-41.60,2008.00,50.00,100.00,4.30,6.65
Nissan Frontier,24500.00,29000.00,35000.00,Nissan,C2,2500.00,2500.00,1.00,160.00,281.00,,10.00,13.00,5000.00,7500.00,44997.00,64397.00,-30.13,2008.00,50.00,100.00,4.30,6.65
Kia Optima,25500.00,29000.00,35000.00,Kia,C1,2400.00,2400.00,1.00,185.00,290.00,,12.00,15.00,5000.00,7500.00,44904.00,40901.00,9.79,2008.00,50.00,100.00,4.30,6.65
Volvo 80-Series,40000.00,45000.00,50000.00,Volvo,C1,2400.00,2400.00,1.00,200.00,300.00,,10.00,13.00,7000.00,9000.00,11038.00,12347.00,-10.60,2008.00,50.00,100.00,4.30,6.65
Volvo 70-Series,35000.00,40000.00,50000.00,Volvo,C1,2400.00,2400.00,1.00,200.00,325.00,,9.00,12.00,6500.00,9500.00,5563.00,4548.00,22.32,2008.00,50.00,100.00,4.30,6.65
Jeep Commander,38000.00,43000.00,50000.00,Jeep,C2,3700.00,3700.00,1.00,235.00,357.00,,9.00,12.00,6500.00,8500.00,27683.00,62937.00,-56.01,2008.00,50.00,100.00,4.30,6.65
Chevrolet Tahoe,55000.00,60000.00,70000.00,Chevrolet,D1,5300.00,5300.00,1.00,355.00,420.00,,8.00,12.00,7500.00,10000.00,91578.00,146256.00,-37.39,2008.00,50.00,100.00,4.30,6.65
Cadillac CTS,45000.00,50000.00,60000.00,Cadillac,C1,2800.00,2800.00,1.00,265.00,420.00,,8.00,12.00,7500.00,9500.00,58774.00,57030.00,3.06,2008.00,50.00,100.00,4.30,6.65
Porsche Cayenne,65000.00,75000.00,90000.00,Porsche,D1,3600.00,3600.00,1.00,250.00,500.00,,8.00,12.00,10000.00,15000.00,11216.00,12547.00,-10.61,2008.00,50.00,100.00,4.30,6.65
Nissan GT-R,100000.00,120000.00,150000.00,Nissan,D2,3800.00,3800.00,1.00,565.00,600.00,,8.00,10.00,12000.00,15000.00,1730.00,0.00,0.00,2008.00,50.00,100.00,4.30,6.65
Audi R8,140000.00,160000.00,200000.00,Audi,D2,4200.00,4200.00,1.00,420.00,602.00,,8.00,11.00,20000.00,30000.00,900.00,241.00,273.44,2008.00,50.00,100.00,4.30,6.65
Porsche 911,90000.00,110000.00,150000.00,Porsche,D2,3000.00,3000.00,1.00,370.00,640.00,,7.00,11.00,12000.00,15000.00,8324.00,12493.00,-33.37,2008.00,50.00,100.00,4.30,6.65
Dodge Viper,90000.00,100000.00,120000.00,Dodge,D2,8400.00,8400.00,1.00,505.00,645.00,,8.00,12.00,15000.00,20000.00,1172.00,435.00,169.43,2008.00,50.00,100.00,4.30,6.65
Chevrolet Corvette,60000.00,70000.00,90000.00,Chevrolet,D2,6200.00,6200.00,1.00,455.00,670.00,,8.00,12.00,8000.00,12000.00,26971.00,33685.00,-19.93,2008.00,50.00,100.00,4.30,6.65
Jeep Grand Cherokee,38000.00,45000.00,55000.00,Jeep,C2,3600.00,3600.00,1.00,295.00,707.00,,8.00,12.00,6500.00,9000.00,73678.00,120937.00,-39.08,2008.00,50.00,100.00,4.30,6.65
Dodge Challenger,30000.00,35000.00,45000.00,Dodge,D2,3600.00,3600.00,1.00,305.00,707.00,,8.00,12.00,6500.00,9500.00,17423.00,0.00,0.00,2008.00,50.00,100.00,4.30,6.65
Toyota Corolla,21000.00,23500.00,28000.00,Toyota,B1,1800.00,1800.00,1.00,139.00,139.00,1.00,16.00,20.00,3500.00,5000.00,351007.00,368390.00,-4.72,2008.00,50.00,100.00,4.30,6.65
Toyota Prius,28000.00,30000.00,33000.00,Toyota,B2,1800.00,1800.00,1.00,121.00,121.00,1.00,23.00,26.00,4000.00,5500.00,158884.00,181221.00,-12.33,2008.00,50.00,100.00,4.30,6.65
Honda Odyssey,35000.00,38000.00,45000.00,Honda,C2,3500.00,3500.00,1.00,280.00,280.00,1.00,10.00,12.00,6000.00,8500.00,135169.00,173046.00,-21.89,2008.00,50.00,100.00,4.30,6.65
Dodge Grand Caravan,29000.00,34000.00,39000.00,Dodge,C2,3600.00,3600.00,1.00,283.00,283.00,1.00,10.00,12.00,5500.00,7500.00,123749.00,176150.00,-29.75,2008.00,50.00,100.00,4.30,6.65
Chrysler Town and Country,35000.00,39000.00,45000.00,Chrysler,C2,3600.00,3600.00,1.00,283.00,283.00,1.00,10.00,12.00,6000.00,8000.00,117663.00,138151.00,-14.83,2008.00,50.00,100.00,4.30,6.65
Toyota Sienna,35500.00,40000.00,45500.00,Toyota,C2,3500.00,3500.00,1.00,266.00,266.00,1.00,9.00,12.00,6500.00,8500.00,115944.00,138162.00,-16.08,2008.00,50.00,100.00,4.30,6.65
Toyota Highlander,36000.00,40000.00,50000.00,Toyota,C2,3500.00,3500.00,1.00,295.00,295.00,1.00,10.00,13.00,6000.00,8000.00,104661.00,127878.00,-18.16,2008.00,50.00,100.00,4.30,6.65
Toyota Yaris,19000.00,22000.00,25000.00,Toyota,A,1500.00,1500.00,1.00,106.00,106.00,1.00,18.00,20.00,3000.00,4500.00,102328.00,84799.00,20.67,2008.00,50.00,100.00,4.30,6.65
Honda Pilot,37000.00,42000.00,48000.00,Honda,C2,3500.00,3500.00,1.00,280.00,280.00,1.00,9.00,12.00,6500.00,8500.00,100625.00,117146.00,-14.10,2008.00,50.00,100.00,4.30,6.65
Nissan Sentra,20500.00,24000.00,28000.00,Nissan,B1,1600.00,1600.00,1.00,149.00,149.00,1.00,15.00,18.00,3500.00,5000.00,99797.00,106522.00,-6.31,2008.00,50.00,100.00,4.30,6.65
Ford E-Series,40000.00,45000.00,55000.00,Ford,D1,4200.00,4200.00,1.00,305.00,305.00,1.00,7.00,10.00,8000.00,10000.00,97919.00,136749.00,-28.40,2008.00,50.00,100.00,4.30,6.65
Chevrolet HHR,19500.00,22500.00,26000.00,Chevrolet,B2,2200.00,2200.00,1.00,143.00,143.00,1.00,13.00,16.00,3500.00,5500.00,96053.00,105175.00,-8.67,2008.00,50.00,100.00,4.30,6.65
Chevrolet Express,35000.00,40000.00,45000.00,Chevrolet,D1,4300.00,4300.00,1.00,276.00,276.00,1.00,7.00,10.00,8000.00,10000.00,86986.00,114730.00,-24.18,2008.00,50.00,100.00,4.30,6.65
Nissan Versa,16500.00,18500.00,22000.00,Nissan,A,1600.00,1600.00,1.00,122.00,122.00,1.00,18.00,20.00,3000.00,4500.00,85182.00,79443.00,7.22,2008.00,50.00,100.00,4.30,6.65
Dodge Caliber,18500.00,21500.00,25000.00,Dodge,B1,2000.00,2000.00,1.00,148.00,148.00,1.00,12.00,15.00,3500.00,5000.00,84158.00,101079.00,-16.74,2008.00,50.00,100.00,4.30,6.65
Honda Fit,19500.00,22000.00,26000.00,Honda,A,1500.00,1500.00,1.00,130.00,130.00,1.00,16.00,18.00,3000.00,4500.00,79956.00,56432.00,41.69,2008.00,50.00,100.00,4.30,6.65
Ford Explorer,35000.00,40000.00,50000.00,Ford,C2,3500.00,3500.00,1.00,290.00,290.00,1.00,9.00,12.00,6500.00,8500.00,78439.00,137817.00,-43.08,2008.00,50.00,100.00,4.30,6.65
Chrysler Sebring,22500.00,25000.00,30000.00,Chrysler,C1,2400.00,2400.00,1.00,173.00,173.00,1.00,12.00,15.00,4000.00,5500.00,71663.00,93130.00,-23.05,2008.00,50.00,100.00,4.30,6.65
Kia Spectra,17500.00,20500.00,24000.00,Kia,B1,1600.00,1600.00,1.00,138.00,138.00,1.00,15.00,18.00,3500.00,5000.00,68465.00,73474.00,-6.82,2008.00,50.00,100.00,4.30,6.65
Jeep Liberty,26500.00,31000.00,37000.00,Jeep,C2,2800.00,2800.00,1.00,210.00,210.00,1.00,10.00,13.00,6000.00,8000.00,66911.00,92105.00,-27.35,2008.00,50.00,100.00,4.30,6.65
GMC Acadia,36000.00,42000.00,50000.00,GMC,C2,3600.00,3600.00,1.00,310.00,310.00,1.00,10.00,12.00,6500.00,8500.00,66440.00,72765.00,-8.69,2008.00,50.00,100.00,4.30,6.65
Ford Ranger,26000.00,30000.00,37000.00,Ford,C2,2300.00,2300.00,1.00,270.00,270.00,1.00,12.00,15.00,5000.00,7500.00,65872.00,72711.00,-9.41,2008.00,50.00,100.00,4.30,6.65
Infiniti G,35000.00,40000.00,50000.00,Infiniti,C1,3500.00,3500.00,1.00,270.00,270.00,1.00,10.00,13.00,6000.00,8000.00,64181.00,71809.00,-10.62,2008.00,50.00,100.00,4.30,6.65
Infiniti G35,35000.00,38000.00,45000.00,Infiniti,C1,3500.00,3500.00,1.00,280.00,280.00,1.00,9.00,12.00,6000.00,8500.00,64181.00,71809.00,-10.62,2008.00,50.00,100.00,4.30,6.65
Lexus ES,40000.00,45000.00,55000.00,Lexus,C1,3500.00,3500.00,1.00,268.00,268.00,1.00,12.00,15.00,7000.00,9500.00,64135.00,82867.00,-22.60,2008.00,50.00,100.00,4.30,6.65
Chrysler 300,32500.00,37000.00,45000.00,Chrysler,C1,3600.00,3600.00,1.00,292.00,292.00,1.00,10.00,13.00,6000.00,8000.00,62352.00,120636.00,-48.31,2008.00,50.00,100.00,4.30,6.65
Dodge Avenger,22000.00,24500.00,28500.00,Dodge,C1,2400.00,2400.00,1.00,173.00,173.00,1.00,12.00,15.00,4000.00,5500.00,61963.00,84404.00,-26.59,2008.00,50.00,100.00,4.30,6.65
Subaru Forester,25500.00,29000.00,34000.00,Subaru,C2,2500.00,2500.00,1.00,182.00,182.00,1.00,13.00,16.00,4500.00,6500.00,60748.00,44530.00,36.42,2008.00,50.00,100.00,4.30,6.65
Saturn Aura,22500.00,25500.00,30000.00,Saturn,C1,2400.00,2400.00,1.00,169.00,169.00,1.00,12.00,15.00,4000.00,5500.00,59380.00,59964.00,-0.97,2008.00,50.00,100.00,4.30,6.65
Jeep Patriot,23000.00,27000.00,32000.00,Jeep,C2,2400.00,2400.00,1.00,172.00,172.00,1.00,12.00,15.00,4500.00,6000.00,55654.00,40434.00,37.64,2008.00,50.00,100.00,4.30,6.65
Chevrolet Aveo / Kalos,14500.00,17000.00,20500.00,Chevrolet,A,1600.00,1600.00,1.00,108.00,108.00,1.00,15.00,18.00,3000.00,4500.00,55360.00,67028.00,-17.41,2008.00,50.00,100.00,4.30,6.65
Ford Expedition,56000.00,63000.00,75000.00,Ford,D2,5400.00,5400.00,1.00,375.00,375.00,1.00,8.00,12.00,7500.00,10000.00,55123.00,90287.00,-38.95,2008.00,50.00,100.00,4.30,6.65
Buick Lucerne,34500.00,38500.00,45000.00,Buick,C1,3900.00,3900.00,1.00,280.00,280.00,1.00,9.00,12.00,6000.00,8500.00,54930.00,83223.00,-34.00,2008.00,50.00,100.00,4.30,6.65
Chevrolet Colorado,25000.00,30000.00,40000.00,Chevrolet,C2,2500.00,2500.00,1.00,200.00,200.00,1.00,11.00,14.00,5000.00,7500.00,54346.00,75716.00,-28.22,2008.00,50.00,100.00,4.30,6.65
Chevrolet Suburban,60000.00,65000.00,75000.00,Chevrolet,D2,5300.00,5300.00,1.00,355.00,355.00,1.00,8.00,12.00,8000.00,10000.00,54058.00,83673.00,-35.39,2008.00,50.00,100.00,4.30,6.65
Ford Five Hundred,25500.00,28500.00,32000.00,Ford,C1,3000.00,3000.00,1.00,200.00,200.00,1.00,11.00,14.00,4500.00,6500.00,52667.00,35146.00,49.85,2008.00,50.00,100.00,4.30,6.65
Ford Taurus,27000.00,30500.00,35000.00,Ford,C1,3500.00,3500.00,1.00,288.00,288.00,1.00,10.00,13.00,5500.00,7500.00,52667.00,33032.00,59.44,2008.00,50.00,100.00,4.30,6.65
Chrysler PT Cruiser,20000.00,22000.00,25000.00,Chrysler,B2,2400.00,2400.00,1.00,150.00,150.00,1.00,12.00,15.00,4000.00,5500.00,50910.00,99585.00,-48.88,2008.00,50.00,100.00,4.30,6.65
Hyundai Accent,18500.00,21000.00,25000.00,Hyundai,A,1600.00,1600.00,1.00,132.00,132.00,1.00,16.00,18.00,3500.00,5000.00,50431.00,36055.00,39.87,2008.00,50.00,100.00,4.30,6.65
Ford Crown Victoria,28000.00,31000.00,36000.00,Ford,D1,4600.00,4600.00,1.00,250.00,250.00,1.00,10.00,13.00,5000.00,7000.00,48557.00,60901.00,-20.27,2008.00,50.00,100.00,4.30,6.65
Toyota 4Runner,37000.00,41000.00,50000.00,Toyota,C2,4000.00,4000.00,1.00,270.00,270.00,1.00,9.00,12.00,6500.00,8500.00,47878.00,87718.00,-45.42,2008.00,50.00,100.00,4.30,6.65
Dodge Journey,27500.00,30500.00,38000.00,Dodge,C2,2400.00,2400.00,1.00,283.00,283.00,1.00,11.00,14.00,5000.00,7500.00,47097.00,0.00,0.00,2008.00,50.00,100.00,4.30,6.65
Nissan Maxima,34000.00,38000.00,45000.00,Nissan,C1,3500.00,3500.00,1.00,300.00,300.00,1.00,11.00,14.00,6000.00,8500.00,47072.00,52574.00,-10.47,2008.00,50.00,100.00,4.30,6.65
Acura TL,38000.00,42000.00,50000.00,Acura,C1,3500.00,3500.00,1.00,280.00,280.00,1.00,10.00,13.00,6500.00,8500.00,46475.00,58095.00,-20.00,2008.00,50.00,100.00,4.30,6.65
Acura MDX,47000.00,52000.00,60000.00,Acura,C2,3500.00,3500.00,1.00,290.00,290.00,1.00,9.00,12.00,7500.00,10000.00,45978.00,58606.00,-21.55,2008.00,50.00,100.00,4.30,6.65
Scion xB,19500.00,22000.00,25000.00,Scion,B1,2400.00,2400.00,1.00,158.00,158.00,1.00,14.00,17.00,3500.00,5000.00,45220.00,45834.00,-1.34,2008.00,50.00,100.00,4.30,6.65
Buick Enclave,45000.00,50000.00,60000.00,Buick,C2,3600.00,3600.00,1.00,288.00,288.00,1.00,9.00,12.00,6500.00,9000.00,44706.00,29286.00,52.65,2008.00,50.00,100.00,4.30,6.65
Toyota Avalon,38000.00,42000.00,50000.00,Toyota,C1,3500.00,3500.00,1.00,301.00,301.00,1.00,10.00,12.00,6000.00,8500.00,42790.00,72945.00,-41.34,2008.00,50.00,100.00,4.30,6.65
Scion tC,20000.00,22500.00,26000.00,Scion,B1,2400.00,2400.00,1.00,180.00,180.00,1.00,13.00,16.00,3500.00,5500.00,40980.00,63852.00,-35.82,2008.00,50.00,100.00,4.30,6.65
GMC Yukon,55000.00,60000.00,70000.00,GMC,D1,5300.00,5300.00,1.00,355.00,355.00,1.00,8.00,12.00,8000.00,10000.00,39064.00,63428.00,-38.41,2008.00,50.00,100.00,4.30,6.65
Kia Rio,17000.00,19000.00,22000.00,Kia,A,1600.00,1600.00,1.00,120.00,120.00,1.00,18.00,21.00,3500.00,5000.00,36532.00,33370.00,9.48,2008.00,50.00,100.00,4.30,6.65
Dodge Nitro,25000.00,28000.00,33000.00,Dodge,C2,2800.00,2800.00,1.00,260.00,260.00,1.00,10.00,13.00,5500.00,7500.00,36368.00,74825.00,-51.40,2008.00,50.00,100.00,4.30,6.65
Chevrolet Avalanche,45000.00,50000.00,55000.00,Chevrolet,D1,5300.00,5300.00,1.00,320.00,320.00,1.00,8.00,12.00,7500.00,9000.00,35003.00,55550.00,-36.99,2008.00,50.00,100.00,4.30,6.65
Nissan Titan,39000.00,44000.00,52000.00,Nissan,D1,5600.00,5600.00,1.00,390.00,390.00,1.00,8.00,12.00,7500.00,10000.00,34053.00,65743.00,-48.20,2008.00,50.00,100.00,4.30,6.65
Nissan Xterra,25000.00,28500.00,33500.00,Nissan,C2,4000.00,4000.00,1.00,265.00,265.00,1.00,9.00,12.00,5500.00,7500.00,33579.00,51355.00,-34.61,2008.00,50.00,100.00,4.30,6.65
Nissan Pathfinder,35000.00,40000.00,47000.00,Nissan,C2,3500.00,3500.00,1.00,284.00,284.00,1.00,9.00,12.00,6000.00,8000.00,33555.00,63056.00,-46.79,2008.00,50.00,100.00,4.30,6.65
Honda Ridgeline,38000.00,43000.00,50000.00,Honda,C2,3500.00,3500.00,1.00,280.00,280.00,1.00,9.00,12.00,6500.00,8500.00,33417.00,42795.00,-21.91,2008.00,50.00,100.00,4.30,6.65
Mercury Mariner,22500.00,25500.00,30000.00,Mercury,C2,2500.00,2500.00,1.00,171.00,171.00,1.00,11.00,14.00,4500.00,6500.00,32306.00,34844.00,-7.28,2008.00,50.00,100.00,4.30,6.65
Acura TSX,30000.00,34000.00,42000.00,Acura,C1,2400.00,2400.00,1.00,201.00,201.00,1.00,12.00,14.00,5000.00,7500.00,31696.00,33037.00,-4.06,2008.00,50.00,100.00,4.30,6.65
Mercury Milan,23500.00,26000.00,30000.00,Mercury,C1,2500.00,2500.00,1.00,175.00,175.00,1.00,12.00,15.00,4500.00,6000.00,31393.00,37244.00,-15.71,2008.00,50.00,100.00,4.30,6.65
Toyota Sequoia,55000.00,60000.00,75000.00,Toyota,D1,5700.00,5700.00,1.00,381.00,381.00,1.00,8.00,12.00,7500.00,10000.00,30693.00,23273.00,31.88,2008.00,50.00,100.00,4.30,6.65
Cadillac DTS,45000.00,50000.00,55000.00,Cadillac,C1,4600.00,4600.00,1.00,275.00,275.00,1.00,9.00,12.00,6000.00,8500.00,30479.00,51469.00,-40.78,2008.00,50.00,100.00,4.30,6.65
Lincoln MKZ,35000.00,40000.00,47000.00,Lincoln,C1,3500.00,3500.00,1.00,263.00,263.00,1.00,10.00,13.00,5500.00,7500.00,30117.00,34363.00,-12.36,2008.00,50.00,100.00,4.30,6.65
Mercury Grand Marquis,30000.00,34000.00,39000.00,Mercury,C1,4600.00,4600.00,1.00,224.00,224.00,1.00,9.00,12.00,6000.00,8000.00,29766.00,50664.00,-41.25,2008.00,50.00,100.00,4.30,6.65
Suzuki Aerio/SX4,16500.00,19000.00,22000.00,Suzuki,B1,1600.00,1600.00,1.00,143.00,143.00,1.00,14.00,17.00,3000.00,5000.00,29563.00,16740.00,76.60,2008.00,50.00,100.00,4.30,6.65
Suzuki SX4,16500.00,19000.00,22000.00,Suzuki,B1,1600.00,1600.00,1.00,143.00,143.00,1.00,14.00,17.00,3000.00,5000.00,29563.00,16740.00,76.60,2008.00,50.00,100.00,4.30,6.65
Lincoln MKX/Nautilus,43000.00,48000.00,55000.00,Lincoln,C2,3500.00,3500.00,1.00,280.00,280.00,1.00,10.00,13.00,7000.00,9500.00,29076.00,37953.00,-23.39,2008.00,50.00,100.00,4.30,6.65
Toyota FJ Cruiser,32000.00,36000.00,42000.00,Toyota,C2,4000.00,4000.00,1.00,260.00,260.00,1.00,8.00,12.00,6000.00,8000.00,28668.00,55170.00,-48.04,2008.00,50.00,100.00,4.30,6.65
Kia Rondo,22500.00,25000.00,29000.00,Kia,C2,2000.00,2000.00,1.00,161.00,161.00,1.00,12.00,15.00,4000.00,6000.00,28645.00,26020.00,10.09,2008.00,50.00,100.00,4.30,6.65
Mitsubishi Lancer,20000.00,23000.00,28000.00,Mitsubishi,B1,2000.00,2000.00,1.00,168.00,168.00,1.00,13.00,16.00,4000.00,6000.00,27861.00,31376.00,-11.20,2008.00,50.00,100.00,4.30,6.65
Scion xD,16000.00,18500.00,22000.00,Scion,A,1800.00,1800.00,1.00,128.00,128.00,1.00,14.00,17.00,3000.00,5000.00,27645.00,10948.00,152.51,2008.00,50.00,100.00,4.30,6.65
Mitsubishi Galant,21000.00,24000.00,28500.00,Mitsubishi,C1,2400.00,2400.00,1.00,160.00,160.00,1.00,12.00,15.00,4000.00,6000.00,26941.00,26491.00,1.70,2008.00,50.00,100.00,4.30,6.65
Kia Carnival,35000.00,40000.00,50000.00,Kia,C2,3500.00,3500.00,1.00,290.00,290.00,1.00,9.00,12.00,6500.00,9000.00,26915.00,40493.00,-33.53,2008.00,50.00,100.00,4.30,6.65
Kia Sedona,35000.00,40000.00,48000.00,Kia,C2,3500.00,3500.00,1.00,276.00,276.00,1.00,10.00,13.00,6000.00,8500.00,26915.00,40493.00,-33.53,2008.00,50.00,100.00,4.30,6.65
Mazda CX-7,28000.00,32000.00,38000.00,Mazda,C2,2500.00,2500.00,1.00,244.00,244.00,1.00,10.00,12.00,5500.00,7500.00,26811.00,41659.00,-35.64,2008.00,50.00,100.00,4.30,6.65
Honda Element,22500.00,25500.00,29500.00,Honda,C2,2400.00,2400.00,1.00,166.00,166.00,1.00,12.00,14.00,4500.00,6500.00,26640.00,35218.00,-24.36,2008.00,50.00,100.00,4.30,6.65
Volkswagen Beetle,22000.00,25000.00,30000.00,Volkswagen,A,1600.00,1600.00,1.00,150.00,150.00,1.00,14.00,16.00,4000.00,5500.00,26477.00,36421.00,-27.30,2008.00,50.00,100.00,4.30,6.65
GMC Yukon XL,63000.00,68000.00,75000.00,GMC,D2,5300.00,5300.00,1.00,355.00,355.00,1.00,8.00,12.00,8500.00,10500.00,26404.00,45285.00,-41.69,2008.00,50.00,100.00,4.30,6.65
Mazda CX-9,42000.00,47000.00,55000.00,Mazda,C2,3700.00,3700.00,1.00,277.00,277.00,1.00,10.00,13.00,7000.00,9000.00,26100.00,25566.00,2.09,2008.00,50.00,100.00,4.30,6.65
Dodge Dakota,27000.00,31000.00,38000.00,Dodge,C2,3700.00,3700.00,1.00,230.00,230.00,1.00,9.00,12.00,5500.00,7500.00,26044.00,50902.00,-48.84,2008.00,50.00,100.00,4.30,6.65
Pontiac G5,18500.00,20500.00,24000.00,Pontiac,B1,2200.00,2200.00,1.00,140.00,140.00,1.00,14.00,17.00,3000.00,4500.00,25439.00,27928.00,-8.91,2008.00,50.00,100.00,4.30,6.65
Jeep Compass,23000.00,26500.00,32000.00,Jeep,C2,2400.00,2400.00,1.00,172.00,172.00,1.00,11.00,14.00,4500.00,6500.00,25349.00,39491.00,-35.81,2008.00,50.00,100.00,4.30,6.65
Chevrolet S10,22000.00,25000.00,30000.00,Chevrolet,C2,2200.00,2200.00,1.00,140.00,140.00,1.00,12.00,15.00,4000.00,5500.00,25340.00,34748.00,-27.07,2008.00,50.00,100.00,4.30,6.65
Hummer H3,34000.00,38000.00,45000.00,Hummer,D1,3700.00,3700.00,1.00,245.00,245.00,1.00,8.00,10.00,6500.00,8500.00,24002.00,43430.00,-44.73,2008.00,50.00,100.00,4.30,6.65
Cadillac Escalade,76000.00,82000.00,95000.00,Cadillac,D2,6200.00,6200.00,1.00,420.00,420.00,1.00,6.00,10.00,10000.00,13000.00,23947.00,36654.00,-34.67,2008.00,50.00,100.00,4.30,6.65
GMC Envoy,32000.00,36000.00,42000.00,GMC,C2,4200.00,4200.00,1.00,275.00,275.00,1.00,8.00,12.00,6500.00,8500.00,23876.00,48586.00,-50.86,2008.00,50.00,100.00,4.30,6.65
Ford Freestyle / Taurus X,30000.00,33500.00,38000.00,Ford,C2,3000.00,3000.00,1.00,203.00,203.00,1.00,10.00,13.00,5500.00,7500.00,23112.00,42110.00,-45.12,2008.00,50.00,100.00,4.30,6.65
Suzuki XL-7,23000.00,26500.00,30000.00,Suzuki,C2,3600.00,3600.00,1.00,252.00,252.00,1.00,9.00,12.00,4500.00,6500.00,22554.00,23176.00,-2.68,2008.00,50.00,100.00,4.30,6.65
GMC Savana,35000.00,40000.00,45000.00,GMC,D1,4600.00,4600.00,1.00,280.00,280.00,1.00,8.00,12.00,6500.00,8500.00,22437.00,25706.00,-12.72,2008.00,50.00,100.00,4.30,6.65
Chrysler Aspen,40000.00,45000.00,55000.00,Chrysler,C2,5700.00,5700.00,1.00,335.00,335.00,1.00,7.00,9.00,7500.00,9500.00,22254.00,28788.00,-22.70,2008.00,50.00,100.00,4.30,6.65
Mazda 5,20000.00,23000.00,28000.00,Mazda,C1,2500.00,2500.00,1.00,157.00,157.00,1.00,11.00,14.00,4000.00,6000.00,22021.00,13718.00,60.53,2008.00,50.00,100.00,4.30,6.65
Dodge Durango,35000.00,40000.00,50000.00,Dodge,C2,3600.00,3600.00,1.00,290.00,290.00,1.00,8.00,12.00,6500.00,9000.00,21420.00,45503.00,-52.93,2008.00,50.00,100.00,4.30,6.65
Smart ForTwo,15000.00,18000.00,20000.00,Smart,A,1000.00,1000.00,1.00,71.00,71.00,1.00,14.00,17.00,2500.00,4000.00,21146.00,0.00,0.00,2008.00,50.00,100.00,4.30,6.65
Suzuki Forenza/Reno,18500.00,21000.00,24000.00,Suzuki,B1,2000.00,2000.00,1.00,126.00,126.00,1.00,12.00,15.00,4000.00,6000.00,20796.00,42113.00,-50.62,2008.00,50.00,100.00,4.30,6.65
Suzuki Reno,18000.00,20000.00,23000.00,Suzuki,B1,2000.00,2000.00,1.00,125.00,125.00,1.00,12.00,15.00,4000.00,6000.00,20796.00,42113.00,-50.62,2008.00,50.00,100.00,4.30,6.65
Pontiac Torrent,22500.00,26000.00,30000.00,Pontiac,C2,3400.00,3400.00,1.00,185.00,185.00,1.00,9.00,12.00,5500.00,7500.00,20625.00,32644.00,-36.82,2008.00,50.00,100.00,4.30,6.65
Lexus LS,75000.00,85000.00,100000.00,Lexus,D2,4600.00,4600.00,1.00,380.00,380.00,1.00,7.00,10.00,10000.00,13000.00,20255.00,35226.00,-42.50,2008.00,50.00,100.00,4.30,6.65
Hyundai Tucson,25000.00,28000.00,33000.00,Hyundai,C2,2000.00,2000.00,1.00,164.00,164.00,1.00,12.00,15.00,5000.00,7000.00,19027.00,41476.00,-54.13,2008.00,50.00,100.00,4.30,6.65
Nissan Quest,30000.00,35000.00,40000.00,Nissan,C2,3500.00,3500.00,1.00,260.00,260.00,1.00,9.00,12.00,6000.00,8000.00,18252.00,28590.00,-36.16,2008.00,50.00,100.00,4.30,6.65
Lexus GX,55000.00,60000.00,70000.00,Lexus,D1,4600.00,4600.00,1.00,301.00,301.00,1.00,7.00,9.00,8000.00,11000.00,16424.00,23035.00,-28.70,2008.00,50.00,100.00,4.30,6.65
Mercury Sable,24000.00,28000.00,32000.00,Mercury,C1,3000.00,3000.00,1.00,203.00,203.00,1.00,9.00,12.00,5000.00,7000.00,16187.00,10366.00,56.15,2008.00,50.00,100.00,4.30,6.65
Cadillac SRX,45000.00,50000.00,60000.00,Cadillac,C2,3600.00,3600.00,1.00,318.00,318.00,1.00,9.00,12.00,7500.00,10000.00,16156.00,22543.00,-28.33,2008.00,50.00,100.00,4.30,6.65
Acura RDX,40000.00,45000.00,55000.00,Acura,C2,2400.00,2400.00,1.00,272.00,272.00,1.00,10.00,14.00,6500.00,9000.00,15873.00,23356.00,-32.04,2008.00,50.00,100.00,4.30,6.65
Nissan Armada,60000.00,65000.00,75000.00,Nissan,D1,5600.00,5600.00,1.00,317.00,317.00,1.00,6.00,9.00,9000.00,12000.00,15685.00,31632.00,-50.41,2008.00,50.00,100.00,4.30,6.65
Lincoln Town Car,40000.00,45000.00,50000.00,Lincoln,D1,4600.00,4600.00,1.00,239.00,239.00,1.00,8.00,12.00,6500.00,8500.00,15653.00,26739.00,-41.46,2008.00,50.00,100.00,4.30,6.65
Infiniti M45,50000.00,55000.00,60000.00,Infiniti,C1,4500.00,4500.00,1.00,325.00,325.00,1.00,8.00,11.00,7500.00,10000.00,15618.00,21885.00,-28.64,2008.00,50.00,100.00,4.30,6.65
Mitsubishi Eclipse,21500.00,24000.00,27500.00,Mitsubishi,C1,2400.00,2400.00,1.00,162.00,162.00,1.00,12.00,15.00,4500.00,6500.00,15241.00,20154.00,-24.38,2008.00,50.00,100.00,4.30,6.65
Pontiac G8,29000.00,32000.00,37000.00,Pontiac,C1,3600.00,3600.00,1.00,361.00,361.00,1.00,9.00,12.00,6000.00,8500.00,15005.00,0.00,0.00,2008.00,50.00,100.00,4.30,6.65
GMC Canyon,22000.00,26000.00,33000.00,GMC,C2,2900.00,2900.00,1.00,185.00,185.00,1.00,8.00,12.00,5000.00,7500.00,14974.00,20888.00,-28.31,2008.00,50.00,100.00,4.30,6.65
Lincoln Navigator,70000.00,75000.00,85000.00,Lincoln,D2,5400.00,5400.00,1.00,380.00,380.00,1.00,6.00,9.00,9500.00,12000.00,14836.00,24050.00,-38.31,2008.00,50.00,100.00,4.30,6.65
Cadillac STS,45000.00,50000.00,55000.00,Cadillac,C1,3600.00,3600.00,1.00,302.00,302.00,1.00,9.00,12.00,6000.00,8000.00,14790.00,20873.00,-29.14,2008.00,50.00,100.00,4.30,6.65
Hyundai Azera,35000.00,40000.00,45000.00,Hyundai,C1,3500.00,3500.00,1.00,293.00,293.00,1.00,9.00,12.00,6500.00,8500.00,14461.00,21948.00,-34.11,2008.00,50.00,100.00,4.30,6.65
Ford Flex,30000.00,35000.00,42000.00,Ford,C2,3500.00,3500.00,1.00,287.00,287.00,1.00,10.00,13.00,6000.00,8500.00,14457.00,0.00,0.00,2008.00,50.00,100.00,4.30,6.65
Lincoln MKS,42000.00,47000.00,55000.00,Lincoln,C1,3500.00,3500.00,1.00,263.00,263.00,1.00,10.00,13.00,7000.00,9000.00,12982.00,0.00,0.00,2008.00,50.00,100.00,4.30,6.65
Infiniti EX,35000.00,40000.00,45000.00,Infiniti,C2,3500.00,3500.00,1.00,288.00,288.00,1.00,9.00,12.00,6500.00,8500.00,12964.00,305.00,4150.49,2008.00,50.00,100.00,4.30,6.65
Volkswagen Eos,30000.00,34000.00,38000.00,Volkswagen,C1,2000.00,2000.00,1.00,200.00,200.00,1.00,10.00,14.00,5500.00,7500.00,12837.00,12744.00,0.73,2008.00,50.00,100.00,4.30,6.65
Infiniti FX35/45,45000.00,50000.00,55000.00,Infiniti,C2,3500.00,3500.00,1.00,303.00,303.00,1.00,8.00,12.00,7500.00,10000.00,12670.00,20723.00,-38.86,2008.00,50.00,100.00,4.30,6.65
Saturn Astra,18500.00,21000.00,24000.00,Saturn,B1,1800.00,1800.00,1.00,140.00,140.00,1.00,13.00,16.00,3000.00,5000.00,11968.00,0.00,0.00,2008.00,50.00,100.00,4.30,6.65
Suzuki Grand Vitara,22000.00,25000.00,30000.00,Suzuki,C2,2400.00,2400.00,1.00,166.00,166.00,1.00,9.00,12.00,4500.00,6500.00,11936.00,19538.00,-38.91,2008.00,50.00,100.00,4.30,6.65
Hyundai Veracruz,33000.00,38000.00,45000.00,Hyundai,C2,3000.00,3000.00,1.00,280.00,280.00,1.00,9.00,12.00,6500.00,8500.00,11004.00,12589.00,-12.59,2008.00,50.00,100.00,4.30,6.65
Mazda MX-5 Miata,25000.00,28000.00,32000.00,Mazda,D2,2000.00,2000.00,1.00,155.00,155.00,1.00,12.00,16.00,5000.00,7000.00,10977.00,15075.00,-27.18,2008.00,50.00,100.00,4.30,6.65
Subaru Tribeca,33000.00,38000.00,43000.00,Subaru,C2,3600.00,3600.00,1.00,256.00,256.00,1.00,9.00,12.00,6500.00,8500.00,10975.00,16790.00,-34.63,2008.00,50.00,100.00,4.30,6.65
Mazda Tribute,22500.00,26000.00,31000.00,Mazda,C2,2500.00,2500.00,1.00,171.00,171.00,1.00,10.00,12.00,4500.00,6500.00,10786.00,13680.00,-21.15,2008.00,50.00,100.00,4.30,6.65
Pontiac Solstice,25000.00,28000.00,32000.00,Pontiac,D2,2400.00,2400.00,1.00,170.00,170.00,1.00,10.00,13.00,5500.00,7500.00,10739.00,16782.00,-36.01,2008.00,50.00,100.00,4.30,6.65
Mercury Mountaineer,30000.00,35000.00,40000.00,Mercury,C2,3500.00,3500.00,1.00,210.00,210.00,1.00,9.00,12.00,6000.00,8500.00,10596.00,23849.00,-55.57,2008.00,50.00,100.00,4.30,6.65
Nissan 350Z,30000.00,35000.00,40000.00,Nissan,D2,3500.00,3500.00,1.00,306.00,306.00,1.00,9.00,12.00,7000.00,9000.00,10337.00,18957.00,-45.47,2008.00,50.00,100.00,4.30,6.65
Nissan 370Z,35000.00,40000.00,45000.00,Nissan,D2,3700.00,3700.00,1.00,332.00,332.00,1.00,8.00,11.00,7500.00,10000.00,10337.00,18957.00,-45.47,2008.00,50.00,100.00,4.30,6.65
Volvo 40-Series,20000.00,23000.00,26000.00,Volvo,A,1600.00,1600.00,1.00,120.00,120.00,1.00,12.00,15.00,4000.00,6000.00,9686.00,18215.00,-46.82,2008.00,50.00,100.00,4.30,6.65
Chevrolet Traverse,40000.00,45000.00,55000.00,Chevrolet,C2,3600.00,3600.00,1.00,281.00,281.00,1.00,9.00,12.00,7000.00,9500.00,9456.00,0.00,0.00,2008.00,50.00,100.00,4.30,6.65
Saturn Sky,28000.00,32000.00,36000.00,Saturn,D2,2400.00,2400.00,1.00,260.00,260.00,1.00,10.00,13.00,5500.00,7500.00,9162.00,11263.00,-18.65,2008.00,50.00,100.00,4.30,6.65
Volvo 60-Series,35000.00,40000.00,50000.00,Volvo,C1,2400.00,2400.00,1.00,200.00,200.00,1.00,10.00,13.00,6500.00,8500.00,8966.00,18511.00,-51.56,2008.00,50.00,100.00,4.30,6.65
Volkswagen Tiguan,30000.00,35000.00,40000.00,Volkswagen,C2,1980.00,1980.00,1.00,200.00,200.00,1.00,12.00,15.00,5500.00,7500.00,8664.00,0.00,0.00,2008.00,50.00,100.00,4.30,6.65
Pontiac Grand Prix,23000.00,27000.00,30000.00,Pontiac,C1,3400.00,3400.00,1.00,303.00,303.00,1.00,8.00,12.00,5500.00,7500.00,8636.00,87622.00,-90.14,2008.00,50.00,100.00,4.30,6.65
Hyundai Entourage,28000.00,33000.00,38000.00,Hyundai,C2,3800.00,3800.00,1.00,250.00,250.00,1.00,10.00,12.00,6000.00,8500.00,8470.00,17155.00,-50.63,2008.00,50.00,100.00,4.30,6.65
Lexus LX,85000.00,90000.00,100000.00,Lexus,D1,5700.00,5700.00,1.00,383.00,383.00,1.00,6.00,9.00,10000.00,12000.00,7915.00,2469.00,220.58,2008.00,50.00,100.00,4.30,6.65
Infiniti QX56,60000.00,65000.00,75000.00,Infiniti,D1,5600.00,5600.00,1.00,400.00,400.00,1.00,6.00,9.00,9000.00,12000.00,7657.00,12288.00,-37.69,2008.00,50.00,100.00,4.30,6.65
Chrysler Pacifica,35000.00,40000.00,45000.00,Chrysler,C2,3600.00,3600.00,1.00,287.00,287.00,1.00,10.00,12.00,6500.00,8500.00,7345.00,53947.00,-86.38,2008.00,50.00,100.00,4.30,6.65
Hyundai Genesis,35000.00,40000.00,50000.00,Hyundai,C1,3300.00,3300.00,1.00,333.00,333.00,1.00,8.00,12.00,7000.00,9500.00,6167.00,0.00,0.00,2008.00,50.00,100.00,4.30,6.65
Hummer H2,60000.00,65000.00,75000.00,Hummer,D1,6000.00,6000.00,1.00,393.00,393.00,1.00,6.00,8.00,10000.00,12500.00,5995.00,12431.00,-51.77,2008.00,50.00,100.00,4.30,6.65
Mitsubishi Endeavor,28000.00,32000.00,38000.00,Mitsubishi,C2,3800.00,3800.00,1.00,225.00,225.00,1.00,8.00,11.00,5000.00,7500.00,5938.00,11886.00,-50.04,2008.00,50.00,100.00,4.30,6.65
Cadillac Escalade EXT,70000.00,80000.00,90000.00,Cadillac,D2,6200.00,6200.00,1.00,403.00,403.00,1.00,7.00,10.00,9000.00,12000.00,4709.00,7967.00,-40.89,2008.00,50.00,100.00,4.30,6.65
Lincoln Mark LT,40000.00,45000.00,50000.00,Lincoln,D2,5400.00,5400.00,1.00,300.00,300.00,1.00,8.00,12.00,7500.00,10000.00,4631.00,8382.00,-44.75,2008.00,50.00,100.00,4.30,6.65
Acura RL,45000.00,50000.00,60000.00,Acura,C1,3500.00,3500.00,1.00,300.00,300.00,1.00,9.00,12.00,7500.00,10000.00,4447.00,6262.00,-28.98,2008.00,50.00,100.00,4.30,6.65
Toyota Land Cruiser,85000.00,90000.00,100000.00,Toyota,D1,4500.00,4500.00,1.00,381.00,381.00,1.00,6.00,9.00,10000.00,12500.00,3801.00,3251.00,16.92,2008.00,50.00,100.00,4.30,6.65
Saab 9-7X,40000.00,45000.00,50000.00,Saab,D1,4200.00,4200.00,1.00,285.00,285.00,1.00,8.00,11.00,7000.00,9000.00,3660.00,5257.00,-30.38,2008.00,50.00,100.00,4.30,6.65
Kia Amanti,30000.00,35000.00,40000.00,Kia,C1,3800.00,3800.00,1.00,200.00,200.00,1.00,9.00,12.00,6000.00,8500.00,3614.00,5522.00,-34.55,2008.00,50.00,100.00,4.30,6.65
Volkswagen Routan,35000.00,40000.00,45000.00,Volkswagen,C2,3600.00,3600.00,1.00,280.00,280.00,1.00,9.00,12.00,6500.00,9000.00,3387.00,0.00,0.00,2008.00,50.00,100.00,4.30,6.65
Isuzu i-280/i-350,25000.00,30000.00,35000.00,Isuzu,D1,3500.00,3500.00,1.00,200.00,200.00,1.00,8.00,12.00,6000.00,8000.00,2998.00,4138.00,-27.55,2008.00,50.00,100.00,4.30,6.65
Mitsubishi Raider,25000.00,30000.00,35000.00,Mitsubishi,D1,3700.00,3700.00,1.00,230.00,230.00,1.00,8.00,11.00,5500.00,7500.00,2935.00,8262.00,-64.48,2008.00,50.00,100.00,4.30,6.65
Honda S2000,35000.00,40000.00,45000.00,Honda,D2,2000.00,2000.00,1.00,237.00,237.00,1.00,8.00,12.00,7000.00,9500.00,2502.00,4302.00,-41.84,2008.00,50.00,100.00,4.30,6.65
Chrysler Crossfire,30000.00,35000.00,40000.00,Chrysler,D2,3200.00,3200.00,1.00,215.00,215.00,1.00,8.00,12.00,6500.00,8500.00,2021.00,8774.00,-76.97,2008.00,50.00,100.00,4.30,6.65
Lexus SC,60000.00,70000.00,80000.00,Lexus,D2,4300.00,4300.00,1.00,288.00,288.00,1.00,8.00,12.00,8500.00,11500.00,1986.00,4065.00,-51.14,2008.00,50.00,100.00,4.30,6.65
Kia Borrego,40000.00,45000.00,55000.00,Kia,D1,3800.00,3800.00,1.00,276.00,276.00,1.00,8.00,11.00,7000.00,9500.00,1869.00,0.00,0.00,2008.00,50.00,100.00,4.30,6.65
Isuzu Ascender,25000.00,30000.00,35000.00,Isuzu,D1,4200.00,4200.00,1.00,285.00,285.00,1.00,8.00,12.00,5500.00,7500.00,1755.00,2948.00,-40.47,2008.00,50.00,100.00,4.30,6.65
Toyota Venza,35000.00,40000.00,45000.00,Toyota,C2,2700.00,2700.00,1.00,185.00,185.00,1.00,10.00,13.00,6500.00,9000.00,1474.00,0.00,0.00,2008.00,50.00,100.00,4.30,6.65
Mazda B series,20000.00,25000.00,30000.00,Mazda,D1,3000.00,3000.00,1.00,200.00,200.00,1.00,8.00,12.00,5500.00,7500.00,1319.00,2657.00,-50.36,2008.00,50.00,100.00,4.30,6.65
Cadillac XLR,75000.00,85000.00,100000.00,Cadillac,D2,4600.00,4600.00,1.00,320.00,320.00,1.00,7.00,10.00,9000.00,12000.00,1250.00,1750.00,-28.57,2008.00,50.00,100.00,4.30,6.65
Cadillac Allante,55000.00,60000.00,75000.00,Cadillac,D2,4600.00,4600.00,1.00,295.00,295.00,1.00,7.00,10.00,8000.00,11000.00,1170.00,1209.00,-3.23,2008.00,50.00,100.00,4.30,6.65
Buick Terraza,35000.00,40000.00,45000.00,Buick,C2,3600.00,3600.00,1.00,200.00,200.00,1.00,9.00,12.00,6500.00,8500.00,544.00,5569.00,-90.23,2008.00,50.00,100.00,4.30,6.65
Saturn Ion,16000.00,20000.00,25000.00,Saturn,B1,2200.00,2200.00,1.00,140.00,140.00,1.00,12.00,15.00,4000.00,6000.00,315.00,47873.00,-99.34,2008.00,50.00,100.00,4.30,6.65
Saturn Relay,25000.00,28000.00,32000.00,Saturn,C2,3600.00,3600.00,1.00,200.00,200.00,1.00,9.00,12.00,5500.00,7500.00,163.00,1474.00,-88.94,2008.00,50.00,100.00,4.30,6.65
Buick Rainier,30000.00,35000.00,40000.00,Buick,C2,4200.00,4200.00,1.00,285.00,285.00,1.00,8.00,12.00,6500.00,9000.00,117.00,4819.00,-97.57,2008.00,50.00,100.00,4.30,6.65
Mercedes-Benz SLR McLaren,500000.00,600000.00,700000.00,Mercedes-Benz,D2,5400.00,5400.00,1.00,617.00,617.00,1.00,7.00,10.00,30000.00,40000.00,106.00,104.00,1.92,2008.00,50.00,100.00,4.30,6.65
Chevrolet Optra,18000.00,22000.00,25000.00,Chevrolet,B1,1800.00,1800.00,1.00,120.00,120.00,1.00,12.00,15.00,4000.00,6000.00,76.00,4148.00,-98.17,2008.00,50.00,100.00,4.30,6.65
Buick Rendezvous,28000.00,32000.00,37000.00,Buick,C2,3400.00,3400.00,1.00,185.00,185.00,1.00,9.00,12.00,5500.00,7500.00,27.00,15295.00,-99.82,2008.00,50.00,100.00,4.30,6.65
Honda Clarity FCV,40000.00,45000.00,50000.00,Honda,C1,1200.00,1200.00,1.00,174.00,174.00,1.00,,,5000.00,8000.00,2.00,0.00,0.00,2008.00,50.00,100.00,4.30,6.65
Ford F-Series,35000.00,45000.00,70000.00,Ford,D1,3300.00,6700.00,0.00,290.00,450.00,0.00,10.00,12.00,8325.00,11425.00,896526.00,909330.00,-1.41,2020.00,96.84,150.00,11.30,8.70
Ram Pickup,31000.00,38000.00,55000.00,Ram,D1,3600.00,5700.00,0.00,305.00,395.00,0.00,8.00,11.00,8200.00,11800.00,633694.00,536980.00,18.01,2020.00,96.84,150.00,11.30,8.70
Chevrolet Silverado,35000.00,40000.00,55000.00,Chevrolet,D1,4300.00,6200.00,0.00,285.00,420.00,0.00,9.00,12.00,8200.00,11800.00,575569.00,585582.00,-1.71,2020.00,96.84,150.00,11.30,8.70
Toyota RAV4,29000.00,32000.00,38000.00,Toyota,C2,2500.00,2500.00,1.00,176.00,219.00,0.00,15.00,20.00,6300.00,8700.00,448068.00,427168.00,4.89,2020.00,96.84,150.00,11.30,8.70
Honda CR-V,29000.00,32000.00,37000.00,Honda,C2,1600.00,2400.00,0.00,140.00,190.00,0.00,14.00,19.00,4700.00,6700.00,384168.00,379021.00,1.36,2020.00,96.84,150.00,11.30,8.70
Nissan Rogue,28000.00,31000.00,35000.00,Nissan,C2,2000.00,2500.00,0.00,170.00,215.00,0.00,13.00,17.00,5100.00,7100.00,350447.00,412110.00,-14.96,2020.00,96.84,150.00,11.30,8.70
Chevrolet Equinox,28000.00,32000.00,40000.00,Chevrolet,C2,2000.00,2400.00,0.00,170.00,252.00,0.00,12.00,16.00,5700.00,7700.00,346049.00,332621.00,4.04,2020.00,96.84,150.00,11.30,8.70
Toyota Camry,26000.00,30000.00,35000.00,Toyota,C1,2500.00,2500.00,1.00,178.00,200.00,0.00,13.00,17.00,5400.00,7700.00,336978.00,343439.00,-1.88,2020.00,96.84,150.00,11.30,8.70
Honda Civic,25000.00,27500.00,30000.00,Honda,B1,1800.00,2000.00,0.00,138.00,180.00,0.00,16.00,20.00,4950.00,5950.00,325650.00,325760.00,-0.03,2020.00,96.84,150.00,11.30,8.70
Toyota Corolla,22000.00,24000.00,27000.00,Toyota,B1,1800.00,1800.00,1.00,138.00,170.00,0.00,15.00,18.00,4950.00,5950.00,304850.00,303732.00,0.37,2020.00,96.84,150.00,11.30,8.70
Honda Accord,27000.00,30000.00,35000.00,Honda,C1,2400.00,2400.00,1.00,175.00,190.00,0.00,12.00,15.00,5300.00,7700.00,267567.00,291071.00,-8.08,2020.00,96.84,150.00,11.30,8.70
Toyota Tacoma,28000.00,33000.00,45000.00,Toyota,C2,2700.00,4000.00,0.00,159.00,278.00,0.00,8.00,12.00,6800.00,9200.00,248801.00,245659.00,1.28,2020.00,96.84,150.00,11.30,8.70
Jeep Grand Cherokee,40000.00,45000.00,60000.00,Jeep,C2,3000.00,5700.00,0.00,295.00,360.00,0.00,9.00,12.00,6800.00,9500.00,242969.00,224908.00,8.03,2020.00,96.84,150.00,11.30,8.70
Ford Escape,28000.00,31000.00,36000.00,Ford,C2,1500.00,2500.00,0.00,150.00,250.00,0.00,12.00,16.00,5800.00,7800.00,241387.00,272228.00,-11.33,2020.00,96.84,150.00,11.30,8.70
Toyota Highlander,36000.00,40000.00,50000.00,Toyota,C2,2700.00,3500.00,0.00,185.00,295.00,0.00,10.00,13.00,6800.00,9300.00,239437.00,244511.00,-2.08,2020.00,96.84,150.00,11.30,8.70
GMC Sierra,37000.00,42000.00,60000.00,GMC,D1,3600.00,6200.00,0.00,285.00,420.00,0.00,9.00,11.00,8200.00,11800.00,232325.00,219554.00,5.82,2020.00,96.84,150.00,11.30,8.70
Jeep Wrangler,33000.00,37000.00,50000.00,Jeep,C2,3600.00,3600.00,1.00,285.00,375.00,0.00,8.00,11.00,7200.00,10400.00,228042.00,240032.00,-5.00,2020.00,96.84,150.00,11.30,8.70
Nissan Altima,25000.00,28000.00,32000.00,Nissan,C1,2500.00,2500.00,1.00,182.00,248.00,0.00,14.00,16.00,5800.00,7800.00,209183.00,209146.00,0.02,2020.00,96.84,150.00,11.30,8.70
Jeep Cherokee,30000.00,34000.00,40000.00,Jeep,C2,2400.00,3200.00,0.00,180.00,271.00,0.00,9.00,13.00,6200.00,8200.00,191397.00,239437.00,-20.06,2020.00,96.84,150.00,11.30,8.70
Ford Explorer,36000.00,42000.00,55000.00,Ford,C2,2300.00,5000.00,0.00,300.00,400.00,0.00,8.00,12.00,6200.00,8400.00,187061.00,261571.00,-28.49,2020.00,96.84,150.00,11.30,8.70
Nissan Sentra,21000.00,24000.00,27000.00,Nissan,B1,1600.00,1600.00,1.00,120.00,150.00,0.00,16.00,20.00,4800.00,6300.00,184618.00,213046.00,-13.34,2020.00,96.84,150.00,11.30,8.70
Subaru Outback,30000.00,33000.00,40000.00,Subaru,C2,2500.00,3600.00,0.00,175.00,260.00,0.00,12.00,15.00,5800.00,7800.00,181178.00,178854.00,1.30,2020.00,96.84,150.00,11.30,8.70
Subaru Forester,25000.00,30000.00,35000.00,Subaru,C2,2000.00,2500.00,0.00,150.00,182.00,0.00,13.00,15.00,5300.00,7200.00,180179.00,171613.00,4.99,2020.00,96.84,150.00,11.30,8.70
Hyundai Elantra,22000.00,25000.00,28000.00,Hyundai,B1,1600.00,2000.00,0.00,120.00,175.00,0.00,16.00,20.00,4700.00,6100.00,175094.00,200415.00,-12.63,2020.00,96.84,150.00,11.30,8.70
Ford Fusion,25000.00,30000.00,35000.00,Ford,C1,1500.00,2500.00,0.00,150.00,240.00,0.00,12.00,16.00,5800.00,7800.00,166045.00,173600.00,-4.35,2020.00,96.84,150.00,11.30,8.70
Tesla Model 3,40000.00,45000.00,55000.00,Tesla,C1,Electric,Electric,1.00,283.00,450.00,0.00,N/A,N/A,7800.00,9400.00,161100.00,140317.00,14.81,2020.00,96.84,150.00,11.30,8.70
Mazda CX-5,27000.00,31000.00,38000.00,Mazda,C2,2000.00,2500.00,0.00,155.00,227.00,0.00,12.00,16.00,5700.00,7700.00,154543.00,150622.00,2.60,2020.00,96.84,150.00,11.30,8.70
Ford Transit,35000.00,40000.00,45000.00,Ford,D1,2200.00,3500.00,0.00,270.00,310.00,0.00,8.00,12.00,6100.00,8200.00,153867.00,137794.00,11.66,2020.00,96.84,150.00,11.30,8.70
Chevrolet Traverse,35000.00,40000.00,50000.00,Chevrolet,C2,3600.00,3600.00,1.00,310.00,360.00,0.00,8.00,11.00,6800.00,9100.00,147122.00,146264.00,0.59,2020.00,96.84,150.00,11.30,8.70
Jeep Compass,25000.00,28000.00,32000.00,Jeep,C2,1400.00,2000.00,0.00,160.00,180.00,0.00,12.00,15.00,5800.00,7600.00,143933.00,171167.00,-15.91,2020.00,96.84,150.00,11.30,8.70
Ford Edge,36000.00,40000.00,45000.00,Ford,C2,2000.00,2700.00,0.00,250.00,335.00,0.00,10.00,13.00,5800.00,7800.00,138514.00,134122.00,3.27,2020.00,96.84,150.00,11.30,8.70
Hyundai Tucson,25000.00,28000.00,34000.00,Hyundai,C2,1600.00,2000.00,0.00,150.00,200.00,0.00,12.00,16.00,5800.00,7500.00,137381.00,153792.00,-10.67,2020.00,96.84,150.00,11.30,8.70
Honda Pilot,40000.00,45000.00,55000.00,Honda,C2,3500.00,3500.00,1.00,280.00,310.00,0.00,9.00,12.00,7200.00,9400.00,135008.00,159615.00,-15.42,2020.00,96.84,150.00,11.30,8.70
Toyota 4Runner,37000.00,40000.00,50000.00,Toyota,C2,3500.00,4000.00,0.00,270.00,310.00,0.00,8.00,10.00,8100.00,10100.00,131864.00,139694.00,-5.61,2020.00,96.84,150.00,11.30,8.70
Subaru CrossTrek,24000.00,27000.00,30000.00,Subaru,C2,2000.00,2000.00,1.00,150.00,182.00,0.00,13.00,15.00,5400.00,7100.00,131152.00,144384.00,-9.16,2020.00,96.84,150.00,11.30,8.70
Hyundai Santa Fe,30000.00,35000.00,42000.00,Hyundai,C2,2200.00,3500.00,0.00,185.00,280.00,0.00,10.00,13.00,6200.00,8300.00,127373.00,117038.00,8.83,2020.00,96.84,150.00,11.30,8.70
Dodge Grand Caravan,30000.00,35000.00,40000.00,Dodge,C2,3600.00,3600.00,1.00,283.00,283.00,1.00,7.00,9.00,5800.00,7700.00,122648.00,151927.00,-19.27,2020.00,96.84,150.00,11.30,8.70
Chevrolet Colorado,30000.00,35000.00,45000.00,Chevrolet,C2,2500.00,3600.00,0.00,200.00,305.00,0.00,9.00,12.00,6500.00,8400.00,121703.00,134842.00,-9.74,2020.00,96.84,150.00,11.30,8.70
Chevrolet Malibu,25000.00,28000.00,32000.00,Chevrolet,C1,1500.00,2000.00,0.00,160.00,250.00,0.00,12.00,16.00,5800.00,7800.00,120302.00,144542.00,-16.77,2020.00,96.84,150.00,11.30,8.70
Chevrolet Trax,22000.00,25000.00,30000.00,Chevrolet,B1,1400.00,1400.00,1.00,138.00,155.00,0.00,12.00,16.00,5300.00,6800.00,116817.00,89917.00,29.92,2020.00,96.84,150.00,11.30,8.70
Toyota Tundra,35000.00,40000.00,55000.00,Toyota,D1,4000.00,5700.00,0.00,381.00,437.00,0.00,8.00,10.00,8200.00,11800.00,111673.00,118258.00,-5.57,2020.00,96.84,150.00,11.30,8.70
Lexus RX,47000.00,52000.00,60000.00,Lexus,C2,2500.00,3500.00,0.00,295.00,350.00,0.00,10.00,12.00,7200.00,9500.00,111036.00,111636.00,-0.54,2020.00,96.84,150.00,11.30,8.70
Volkswagen Tiguan,28000.00,32000.00,40000.00,Volkswagen,C2,1400.00,2000.00,0.00,150.00,200.00,0.00,12.00,15.00,6200.00,8200.00,109963.00,103022.00,6.74,2020.00,96.84,150.00,11.30,8.70
Buick Encore,25000.00,28000.00,32000.00,Buick,B2,1400.00,1400.00,1.00,138.00,155.00,0.00,12.00,15.00,5800.00,7600.00,102401.00,93071.00,10.02,2020.00,96.84,150.00,11.30,8.70
GMC Terrain,27000.00,32000.00,40000.00,GMC,C2,2000.00,2500.00,0.00,170.00,252.00,0.00,12.00,16.00,6200.00,8300.00,101470.00,114311.00,-11.23,2020.00,96.84,150.00,11.30,8.70
Chevrolet Tahoe,55000.00,60000.00,70000.00,Chevrolet,D1,5300.00,5700.00,0.00,355.00,420.00,0.00,7.00,10.00,8200.00,11800.00,101189.00,104152.00,-2.84,2020.00,96.84,150.00,11.30,8.70
Volkswagen Jetta,22000.00,25000.00,30000.00,Volkswagen,C1,1600.00,2000.00,0.00,150.00,180.00,0.00,14.00,16.00,4800.00,6500.00,100453.00,90794.00,10.64,2020.00,96.84,150.00,11.30,8.70
GMC Acadia,35000.00,40000.00,50000.00,GMC,C2,3600.00,3600.00,1.00,310.00,325.00,0.00,9.00,12.00,7100.00,9500.00,99430.00,88622.00,12.20,2020.00,96.84,150.00,11.30,8.70
Honda Odyssey,35000.00,40000.00,50000.00,Honda,C2,3500.00,3500.00,1.00,280.00,290.00,0.00,9.00,12.00,7200.00,10400.00,99113.00,106327.00,-6.78,2020.00,96.84,150.00,11.30,8.70
Honda HR-V,22000.00,25000.00,28000.00,Honda,B2,1500.00,1800.00,0.00,120.00,155.00,0.00,12.00,16.00,5300.00,7200.00,99104.00,85494.00,15.92,2020.00,96.84,150.00,11.30,8.70
Kia Soul,22000.00,25000.00,30000.00,Kia,B2,1600.00,2000.00,0.00,130.00,200.00,0.00,12.00,16.00,4500.00,6200.00,97814.00,104709.00,-6.58,2020.00,96.84,150.00,11.30,8.70
Chrysler Pacifica,35000.00,40000.00,50000.00,Chrysler,C2,3600.00,3600.00,1.00,287.00,287.00,1.00,8.00,10.00,6200.00,8100.00,97706.00,118322.00,-17.42,2020.00,96.84,150.00,11.30,8.70
Dodge Charger,31000.00,35000.00,45000.00,Dodge,C1,3600.00,6400.00,0.00,292.00,707.00,0.00,6.00,10.00,7000.00,9400.00,96936.00,80226.00,20.83,2020.00,96.84,150.00,11.30,8.70
Kia Sorento,32000.00,37000.00,45000.00,Kia,C2,2400.00,3500.00,0.00,170.00,280.00,0.00,10.00,13.00,6100.00,8200.00,96531.00,107846.00,-10.49,2020.00,96.84,150.00,11.30,8.70
Kia Optima,25000.00,28000.00,35000.00,Kia,C1,1600.00,2400.00,0.00,150.00,245.00,0.00,12.00,16.00,5600.00,7300.00,96050.00,101603.00,-5.47,2020.00,96.84,150.00,11.30,8.70
Kia Forte,22000.00,24000.00,28000.00,Kia,B1,1400.00,1800.00,0.00,130.00,160.00,0.00,14.00,17.00,5300.00,6900.00,95683.00,101890.00,-6.09,2020.00,96.84,150.00,11.30,8.70
Kia Sportage,25000.00,30000.00,36000.00,Kia,C2,1600.00,2400.00,0.00,130.00,240.00,0.00,12.00,16.00,5500.00,7200.00,88977.00,82823.00,7.43,2020.00,96.84,150.00,11.30,8.70
Hyundai Sonata,26000.00,30000.00,35000.00,Hyundai,C1,1600.00,2400.00,0.00,150.00,245.00,0.00,12.00,16.00,5800.00,7800.00,87466.00,105118.00,-16.79,2020.00,96.84,150.00,11.30,8.70
Ford Expedition,55000.00,60000.00,70000.00,Ford,D1,3500.00,5400.00,0.00,375.00,400.00,0.00,7.00,10.00,7100.00,9700.00,86423.00,54661.00,58.11,2020.00,96.84,150.00,11.30,8.70
Ford Ranger,28000.00,32000.00,40000.00,Ford,C2,2300.00,3500.00,0.00,250.00,325.00,0.00,8.00,12.00,6200.00,8300.00,83571.00,0.00,0.00,2020.00,96.84,150.00,11.30,8.70
Subaru Ascent,35000.00,40000.00,50000.00,Subaru,C2,2400.00,3600.00,0.00,260.00,300.00,0.00,9.00,12.00,7100.00,9100.00,81958.00,36211.00,126.33,2020.00,96.84,150.00,11.30,8.70
Volkswagen Atlas,35000.00,40000.00,50000.00,Volkswagen,C2,2000.00,3600.00,0.00,235.00,276.00,0.00,8.00,12.00,6800.00,8800.00,81508.00,59677.00,36.58,2020.00,96.84,150.00,11.30,8.70
Chevrolet Express,35000.00,40000.00,45000.00,Chevrolet,D1,4300.00,6600.00,0.00,276.00,400.00,0.00,7.00,9.00,7500.00,9500.00,77457.00,66963.00,15.67,2020.00,96.84,150.00,11.30,8.70
Jeep Renegade,25000.00,28000.00,32000.00,Jeep,B2,1400.00,2400.00,0.00,138.00,180.00,0.00,12.00,16.00,5400.00,7200.00,76886.00,97062.00,-20.79,2020.00,96.84,150.00,11.30,8.70
Dodge Journey,25000.00,28000.00,33000.00,Dodge,C2,2400.00,2400.00,1.00,173.00,283.00,0.00,9.00,12.00,5800.00,7400.00,74687.00,94096.00,-20.63,2020.00,96.84,150.00,11.30,8.70
GMC Yukon,55000.00,60000.00,70000.00,GMC,D1,5300.00,6200.00,0.00,355.00,420.00,0.00,7.00,10.00,8200.00,11800.00,74672.00,74678.00,-0.01,2020.00,96.84,150.00,11.30,8.70
Toyota Sienna,37000.00,42000.00,50000.00,Toyota,C2,2700.00,3500.00,0.00,270.00,296.00,0.00,8.00,12.00,6800.00,9300.00,73585.00,87672.00,-16.07,2020.00,96.84,150.00,11.30,8.70
Hyundai Kona,23000.00,26000.00,30000.00,Hyundai,B2,1600.00,2000.00,0.00,120.00,175.00,0.00,13.00,18.00,5500.00,7200.00,73326.00,47090.00,55.71,2020.00,96.84,150.00,11.30,8.70
Ford Mustang,28000.00,35000.00,45000.00,Ford,D2,2300.00,5000.00,0.00,310.00,760.00,0.00,8.00,12.00,6200.00,8500.00,72489.00,75842.00,-4.42,2020.00,96.84,150.00,11.30,8.70
Mercedes-Benz GLC,46000.00,50000.00,60000.00,Mercedes-Benz,C1,2000.00,3000.00,0.00,211.00,382.00,0.00,9.00,12.00,7000.00,9500.00,72439.00,69729.00,3.89,2020.00,96.84,150.00,11.30,8.70
Nissan Frontier,30000.00,35000.00,45000.00,Nissan,C2,2500.00,3800.00,0.00,160.00,310.00,0.00,9.00,12.00,6000.00,8200.00,72369.00,79646.00,-9.14,2020.00,96.84,150.00,11.30,8.70
BMW X3,45000.00,50000.00,60000.00,BMW,C1,2000.00,3000.00,0.00,180.00,382.00,0.00,8.00,12.00,7200.00,9400.00,70110.00,61351.00,14.28,2020.00,96.84,150.00,11.30,8.70
Toyota Prius,27000.00,30000.00,35000.00,Toyota,C1,1800.00,1800.00,1.00,121.00,121.00,1.00,18.00,24.00,3500.00,4500.00,69718.00,87590.00,-20.40,2020.00,96.84,150.00,11.30,8.70
Nissan Murano,35000.00,40000.00,50000.00,Nissan,C2,2500.00,3500.00,0.00,260.00,300.00,0.00,10.00,14.00,6300.00,8500.00,68361.00,83547.00,-18.18,2020.00,96.84,150.00,11.30,8.70
Dodge Durango,35000.00,40000.00,55000.00,Dodge,C2,3600.00,5700.00,0.00,295.00,710.00,0.00,6.00,11.00,7200.00,9800.00,67598.00,65947.00,2.50,2020.00,96.84,150.00,11.30,8.70
Audi Q5,50000.00,55000.00,65000.00,Audi,C1,2000.00,3000.00,0.00,190.00,355.00,0.00,9.00,13.00,7300.00,9500.00,67516.00,69978.00,-3.52,2020.00,96.84,150.00,11.30,8.70
Nissan Versa,17000.00,20000.00,25000.00,Nissan,A,1600.00,1600.00,1.00,120.00,120.00,1.00,14.00,18.00,4500.00,6000.00,66596.00,75809.00,-12.15,2020.00,96.84,150.00,11.30,8.70
Subaru Impreza,19000.00,22000.00,26000.00,Subaru,B1,1600.00,2000.00,0.00,152.00,175.00,0.00,12.00,15.00,5300.00,7100.00,66415.00,76400.00,-13.07,2020.00,96.84,150.00,11.30,8.70
Nissan Pathfinder,40000.00,45000.00,55000.00,Nissan,C2,2500.00,5600.00,0.00,270.00,400.00,0.00,7.00,11.00,7100.00,9300.00,65691.00,67550.00,-2.75,2020.00,96.84,150.00,11.30,8.70
Acura RDX,39000.00,44000.00,50000.00,Acura,C1,2400.00,2400.00,1.00,279.00,279.00,1.00,10.00,13.00,9000.00,10500.00,62876.00,63580.00,-1.11,2020.00,96.84,150.00,11.30,8.70
Dodge Challenger,30000.00,35000.00,45000.00,Dodge,D2,3600.00,6400.00,0.00,305.00,807.00,0.00,7.00,11.00,8500.00,11000.00,60997.00,66716.00,-8.57,2020.00,96.84,150.00,11.30,8.70
Ford EcoSport,22000.00,25000.00,30000.00,Ford,B2,1500.00,1500.00,1.00,123.00,125.00,0.00,12.00,16.00,6500.00,8500.00,60599.00,54348.00,11.50,2020.00,96.84,150.00,11.30,8.70
Ford Fiesta,16000.00,20000.00,24000.00,Ford,B1,1100.00,1600.00,0.00,85.00,200.00,0.00,14.00,18.00,5800.00,7800.00,60148.00,51730.00,16.27,2020.00,96.84,150.00,11.30,8.70
Kia Telluride,45000.00,50000.00,60000.00,Kia,C2,3800.00,3800.00,1.00,291.00,291.00,1.00,8.00,12.00,8500.00,10500.00,58932.00,0.00,0.00,2020.00,96.84,150.00,11.30,8.70
Lexus NX,37000.00,42000.00,50000.00,Lexus,C1,2000.00,2500.00,0.00,235.00,275.00,0.00,10.00,12.00,8000.00,10000.00,58715.00,62079.00,-5.42,2020.00,96.84,150.00,11.30,8.70
Nissan Kicks,22000.00,25000.00,28000.00,Nissan,B2,1500.00,1500.00,1.00,106.00,125.00,0.00,14.00,17.00,6000.00,7800.00,58193.00,23312.00,149.63,2020.00,96.84,150.00,11.30,8.70
Chevrolet Blazer,34000.00,38000.00,45000.00,Chevrolet,C2,2500.00,3600.00,0.00,190.00,308.00,0.00,9.00,12.00,8500.00,10000.00,58116.00,27.00,215144.44,2020.00,96.84,150.00,11.30,8.70
Ram ProMaster,32000.00,37000.00,42000.00,Ram,D1,2400.00,3500.00,0.00,180.00,280.00,0.00,7.00,9.00,12000.00,15000.00,56410.00,46600.00,21.05,2020.00,96.84,150.00,11.30,8.70
BMW X5,60000.00,65000.00,75000.00,BMW,D1,2000.00,4400.00,0.00,245.00,612.00,0.00,7.00,12.00,10000.00,12500.00,54595.00,45013.00,21.29,2020.00,96.84,150.00,11.30,8.70
Acura MDX,50000.00,55000.00,65000.00,Acura,C2,3500.00,3500.00,1.00,290.00,290.00,1.00,8.00,12.00,9500.00,12000.00,52019.00,51512.00,0.98,2020.00,96.84,150.00,11.30,8.70
Chevrolet Suburban,60000.00,65000.00,75000.00,Chevrolet,D1,5300.00,6200.00,0.00,355.00,420.00,0.00,6.00,10.00,11000.00,13000.00,51928.00,60633.00,-14.36,2020.00,96.84,150.00,11.30,8.70
Lexus ES,42000.00,47000.00,55000.00,Lexus,C1,2500.00,2500.00,1.00,203.00,260.00,0.00,12.00,15.00,7500.00,9500.00,51336.00,48482.00,5.89,2020.00,96.84,150.00,11.30,8.70
Buick Enclave,42000.00,47000.00,55000.00,Buick,C2,3600.00,3600.00,1.00,310.00,310.00,1.00,8.00,12.00,9000.00,11000.00,51156.00,49648.00,3.04,2020.00,96.84,150.00,11.30,8.70
Mazda 3,22000.00,25000.00,30000.00,Mazda,B1,1500.00,2500.00,0.00,120.00,250.00,0.00,14.00,18.00,6000.00,7500.00,50741.00,64638.00,-21.50,2020.00,96.84,150.00,11.30,8.70
Cadillac XT5,45000.00,50000.00,60000.00,Cadillac,C2,2000.00,3600.00,0.00,237.00,310.00,0.00,9.00,12.00,9000.00,11000.00,49878.00,60566.00,-17.65,2020.00,96.84,150.00,11.30,8.70
Toyota C-HR,24000.00,27000.00,30000.00,Toyota,B2,1800.00,1800.00,1.00,115.00,115.00,1.00,15.00,18.00,6500.00,8000.00,48930.00,49642.00,-1.43,2020.00,96.84,150.00,11.30,8.70
Mercedes-Benz C-Class,45000.00,50000.00,60000.00,Mercedes-Benz,C1,2000.00,3000.00,0.00,184.00,503.00,0.00,9.00,14.00,10000.00,12500.00,48875.00,54829.00,-10.86,2020.00,96.84,150.00,11.30,8.70
Mercedes-Benz GLE,60000.00,70000.00,90000.00,Mercedes-Benz,D1,2000.00,3000.00,0.00,255.00,503.00,0.00,8.00,12.00,12500.00,15000.00,48664.00,46010.00,5.77,2020.00,96.84,150.00,11.30,8.70
Chevrolet Camaro,27000.00,35000.00,45000.00,Chevrolet,D2,2000.00,6200.00,0.00,275.00,650.00,0.00,7.00,11.00,8500.00,11500.00,48266.00,50963.00,-5.29,2020.00,96.84,150.00,11.30,8.70
Chevrolet Cruze,21000.00,24000.00,28000.00,Chevrolet,B1,1400.00,2000.00,0.00,112.00,153.00,0.00,14.00,18.00,7500.00,9500.00,47975.00,142618.00,-66.36,2020.00,96.84,150.00,11.30,8.70
BMW 3-Series,44000.00,50000.00,60000.00,BMW,C1,2000.00,3000.00,0.00,180.00,382.00,0.00,9.00,14.00,8000.00,10000.00,47827.00,44578.00,7.29,2020.00,96.84,150.00,11.30,8.70
Ford E-Series,40000.00,45000.00,50000.00,Ford,D1,4200.00,6800.00,0.00,275.00,400.00,0.00,6.00,9.00,12500.00,15000.00,45063.00,47936.00,-5.99,2020.00,96.84,150.00,11.30,8.70
Chevrolet Impala,32000.00,36000.00,42000.00,Chevrolet,C1,2500.00,3600.00,0.00,190.00,305.00,0.00,8.00,12.00,7500.00,9000.00,44978.00,56557.00,-20.47,2020.00,96.84,150.00,11.30,8.70
Infiniti QX60,50000.00,55000.00,65000.00,Infiniti,C2,2500.00,3500.00,0.00,265.00,295.00,0.00,8.00,11.00,10000.00,12000.00,43162.00,47370.00,-8.88,2020.00,96.84,150.00,11.30,8.70
Ford Transit Connect,25000.00,30000.00,35000.00,Ford,B2,1500.00,2500.00,0.00,120.00,185.00,0.00,12.00,16.00,9500.00,11500.00,41597.00,31923.00,30.30,2020.00,96.84,150.00,11.30,8.70
Jeep Gladiator,35000.00,40000.00,50000.00,Jeep,C2,3600.00,3600.00,1.00,280.00,280.00,1.00,8.00,11.00,10000.00,12000.00,40038.00,0.00,0.00,2020.00,96.84,150.00,11.30,8.70
Mercedes-Benz E-Class,55000.00,60000.00,75000.00,Mercedes-Benz,C1,2000.00,3000.00,0.00,194.00,394.00,0.00,9.00,13.00,11000.00,13000.00,39858.00,46424.00,-14.14,2020.00,96.84,150.00,11.30,8.70
BMW 5-Series,55000.00,60000.00,70000.00,BMW,C1,2000.00,4400.00,0.00,180.00,400.00,0.00,8.00,12.00,10000.00,12000.00,38709.00,43937.00,-11.90,2020.00,96.84,150.00,11.30,8.70
Mitsubishi Outlander,30000.00,35000.00,40000.00,Mitsubishi,C2,2000.00,3500.00,0.00,148.00,224.00,0.00,10.00,14.00,7500.00,9500.00,37965.00,37952.00,0.03,2020.00,96.84,150.00,11.30,8.70
Volkswagen Golf,24000.00,27000.00,35000.00,Volkswagen,B1,1200.00,2000.00,0.00,105.00,230.00,0.00,12.00,18.00,6000.00,7500.00,37393.00,42271.00,-11.54,2020.00,96.84,150.00,11.30,8.70
Honda Passport,37000.00,42000.00,48000.00,Honda,C2,3500.00,3500.00,1.00,280.00,280.00,1.00,8.00,12.00,9500.00,11000.00,36285.00,0.00,0.00,2020.00,96.84,150.00,11.30,8.70
Volvo XC90,55000.00,60000.00,70000.00,Volvo,C2,2400.00,3000.00,0.00,250.00,400.00,0.00,7.00,11.00,12000.00,14000.00,35760.00,31609.00,13.13,2020.00,96.84,150.00,11.30,8.70
Cadillac Escalade,85000.00,95000.00,110000.00,Cadillac,D1,5300.00,6200.00,0.00,355.00,420.00,0.00,6.00,10.00,14000.00,16500.00,35424.00,36032.00,-1.69,2020.00,96.84,150.00,11.30,8.70
Honda Fit,20000.00,22000.00,25000.00,Honda,B1,1300.00,1500.00,0.00,100.00,130.00,0.00,16.00,20.00,5500.00,7000.00,35414.00,35030.00,1.10,2020.00,96.84,150.00,11.30,8.70
Nissan Maxima,37000.00,40000.00,45000.00,Nissan,C1,2500.00,3500.00,0.00,270.00,300.00,0.00,9.00,12.00,8000.00,9500.00,35076.00,42337.00,-17.15,2020.00,96.84,150.00,11.30,8.70
Subaru Legacy,25000.00,30000.00,35000.00,Subaru,C1,1800.00,2500.00,0.00,155.00,265.00,0.00,10.00,14.00,7500.00,9000.00,35063.00,40109.00,-12.58,2020.00,96.84,150.00,11.30,8.70
Audi Q7,60000.00,70000.00,80000.00,Audi,C2,2000.00,3000.00,0.00,211.00,333.00,0.00,8.00,12.00,11000.00,13000.00,34649.00,37417.00,-7.40,2020.00,96.84,150.00,11.30,8.70
Honda Ridgeline,37000.00,42000.00,48000.00,Honda,C2,3500.00,3500.00,1.00,280.00,280.00,1.00,8.00,12.00,9500.00,11500.00,33334.00,30592.00,8.96,2020.00,96.84,150.00,11.30,8.70
Buick Envision,35000.00,40000.00,45000.00,Buick,C2,1500.00,2500.00,0.00,137.00,252.00,0.00,10.00,14.00,8500.00,10500.00,33230.00,30153.00,10.20,2020.00,96.84,150.00,11.30,8.70
GMC Canyon,30000.00,35000.00,45000.00,GMC,C2,2500.00,3600.00,0.00,200.00,308.00,0.00,9.00,12.00,8500.00,10000.00,32826.00,33493.00,-1.99,2020.00,96.84,150.00,11.30,8.70
Nissan Armada,55000.00,60000.00,70000.00,Nissan,D1,5600.00,5600.00,1.00,390.00,390.00,1.00,6.00,8.00,13000.00,15000.00,32044.00,32650.00,-1.86,2020.00,96.84,150.00,11.30,8.70
Cadillac XT4,35000.00,40000.00,50000.00,Cadillac,C2,1500.00,2000.00,0.00,237.00,237.00,1.00,10.00,14.00,9000.00,11500.00,31987.00,7785.00,310.88,2020.00,96.84,150.00,11.30,8.70
Lincoln MKX/Nautilus,41000.00,45000.00,55000.00,Lincoln,C2,2000.00,3000.00,0.00,245.00,335.00,0.00,8.00,12.00,9500.00,11500.00,31610.00,28573.00,10.63,2020.00,96.84,150.00,11.30,8.70
Nissan Titan,40000.00,45000.00,55000.00,Nissan,D1,5600.00,5600.00,1.00,390.00,390.00,1.00,6.00,8.00,11000.00,13000.00,31514.00,50459.00,-37.55,2020.00,96.84,150.00,11.30,8.70
Chevrolet Spark,15000.00,18000.00,22000.00,Chevrolet,A,1000.00,1200.00,0.00,66.00,75.00,0.00,15.00,18.00,5500.00,7000.00,31280.00,23603.00,32.53,2020.00,96.84,150.00,11.30,8.70
Volvo XC60,45000.00,50000.00,60000.00,Volvo,C2,2000.00,2400.00,0.00,190.00,320.00,0.00,9.00,12.00,9500.00,11000.00,30578.00,32689.00,-6.46,2020.00,96.84,150.00,11.30,8.70
Mercedes-Benz Sprinter,35000.00,45000.00,60000.00,Mercedes-Benz,D1,2000.00,3000.00,0.00,163.00,326.00,0.00,8.00,11.00,12000.00,14000.00,29757.00,27564.00,7.96,2020.00,96.84,150.00,11.30,8.70
Chrysler 300,32000.00,37000.00,45000.00,Chrysler,C1,2400.00,5700.00,0.00,292.00,363.00,0.00,6.00,9.00,9500.00,11500.00,29214.00,46593.00,-37.30,2020.00,96.84,150.00,11.30,8.70
Hyundai Palisade,45000.00,50000.00,60000.00,Hyundai,C2,3500.00,3500.00,1.00,280.00,280.00,1.00,7.00,11.00,10000.00,12500.00,28736.00,0.00,0.00,2020.00,96.84,150.00,11.30,8.70
Toyota Avalon,38000.00,42000.00,50000.00,Toyota,C1,2500.00,2500.00,1.00,301.00,301.00,1.00,9.00,12.00,8000.00,9500.00,27767.00,33580.00,-17.31,2020.00,96.84,150.00,11.30,8.70
Mitsubishi Mirage,16000.00,18000.00,22000.00,Mitsubishi,A,1100.00,1200.00,0.00,78.00,80.00,0.00,20.00,22.00,5000.00,6500.00,26966.00,24316.00,10.90,2020.00,96.84,150.00,11.30,8.70
Mazda CX-9,45000.00,50000.00,55000.00,Mazda,C2,2500.00,2500.00,1.00,227.00,250.00,0.00,7.00,11.00,10000.00,12000.00,26861.00,28257.00,-4.94,2020.00,96.84,150.00,11.30,8.70
Acura TLX,40000.00,45000.00,55000.00,Acura,C1,2400.00,3500.00,0.00,200.00,355.00,0.00,8.00,12.00,8000.00,10000.00,26548.00,30468.00,-12.87,2020.00,96.84,150.00,11.30,8.70
Audi A4,42000.00,47000.00,55000.00,Audi,C1,1800.00,2500.00,0.00,150.00,250.00,0.00,12.00,16.00,8000.00,10000.00,26435.00,34311.00,-22.95,2020.00,96.84,150.00,11.30,8.70
Mitsubishi Outlander Sport,23000.00,27000.00,30000.00,Mitsubishi,B2,1600.00,2000.00,0.00,130.00,180.00,0.00,12.00,16.00,7000.00,8500.00,26144.00,36867.00,-29.09,2020.00,96.84,150.00,11.30,8.70
Infiniti Q50,43000.00,48000.00,55000.00,Infiniti,C1,2000.00,3000.00,0.00,208.00,400.00,0.00,9.00,13.00,9000.00,10500.00,25987.00,34763.00,-25.25,2020.00,96.84,150.00,11.30,8.70
Lexus GX,55000.00,60000.00,70000.00,Lexus,C2,4600.00,4600.00,1.00,301.00,301.00,1.00,6.00,9.00,10000.00,12000.00,25945.00,26724.00,-2.91,2020.00,96.84,150.00,11.30,8.70
Lincoln Corsair / MKC,40000.00,45000.00,55000.00,Lincoln,C2,2000.00,2500.00,0.00,245.00,295.00,0.00,8.00,12.00,9500.00,11500.00,25816.00,26241.00,-1.62,2020.00,96.84,150.00,11.30,8.70
Land Rover Range Rover Sport,70000.00,80000.00,100000.00,Land Rover,C2,3000.00,5000.00,0.00,240.00,575.00,0.00,7.00,10.00,14000.00,16500.00,25768.00,24282.00,6.12,2020.00,96.84,150.00,11.30,8.70
Hyundai Accent,20000.00,22000.00,25000.00,Hyundai,A,1400.00,1600.00,0.00,90.00,125.00,0.00,14.00,17.00,5500.00,6500.00,25628.00,29090.00,-11.90,2020.00,96.84,150.00,11.30,8.70
Kia Rio,17000.00,20000.00,25000.00,Kia,A,1400.00,1600.00,0.00,100.00,130.00,0.00,14.00,18.00,5000.00,6000.00,24509.00,22975.00,6.68,2020.00,96.84,150.00,11.30,8.70
Ford Flex,30000.00,35000.00,45000.00,Ford,C2,3500.00,3500.00,1.00,280.00,280.00,1.00,8.00,11.00,8500.00,10500.00,24485.00,20308.00,20.57,2020.00,96.84,150.00,11.30,8.70
Kia Niro,25000.00,30000.00,40000.00,Kia,C2,1600.00,1600.00,1.00,139.00,139.00,1.00,20.00,24.00,6500.00,8000.00,24421.00,28232.00,-13.50,2020.00,96.84,150.00,11.30,8.70
GMC Savana,35000.00,45000.00,55000.00,GMC,D1,4600.00,6600.00,0.00,276.00,350.00,0.00,7.00,9.00,12000.00,14000.00,24227.00,19685.00,23.07,2020.00,96.84,150.00,11.30,8.70
Honda Insight,25000.00,28000.00,32000.00,Honda,C1,1500.00,1500.00,1.00,98.00,113.00,0.00,20.00,24.00,6000.00,7500.00,23686.00,12513.00,89.29,2020.00,96.84,150.00,11.30,8.70
Audi A5,45000.00,50000.00,60000.00,Audi,C1,1800.00,2500.00,0.00,190.00,265.00,0.00,9.00,14.00,9000.00,11000.00,23023.00,25972.00,-11.35,2020.00,96.84,150.00,11.30,8.70
Porsche Macan,60000.00,65000.00,75000.00,Porsche,C2,2000.00,3000.00,0.00,245.00,400.00,0.00,7.00,10.00,13000.00,15500.00,22667.00,22954.00,-1.25,2020.00,96.84,150.00,11.30,8.70
Mercedes-Benz GL,75000.00,80000.00,90000.00,Mercedes-Benz,C2,2100.00,3000.00,0.00,211.00,503.00,0.00,7.00,10.00,12500.00,14500.00,22615.00,21973.00,2.92,2020.00,96.84,150.00,11.30,8.70
Mini Cooper,22000.00,25000.00,30000.00,Mini,B1,1200.00,2000.00,0.00,134.00,231.00,0.00,12.00,16.00,6500.00,8000.00,22123.00,26119.00,-15.30,2020.00,96.84,150.00,11.30,8.70
Toyota Yaris,17000.00,20000.00,25000.00,Toyota,B1,1000.00,1500.00,0.00,68.00,106.00,0.00,16.00,20.00,5000.00,6500.00,21916.00,27209.00,-19.45,2020.00,96.84,150.00,11.30,8.70
Subaru WRX,28000.00,32000.00,40000.00,Subaru,C1,2000.00,2500.00,0.00,268.00,310.00,0.00,8.00,12.00,8000.00,9500.00,21838.00,28730.00,-23.99,2020.00,96.84,150.00,11.30,8.70
BMW X7,85000.00,90000.00,110000.00,BMW,D1,3000.00,4400.00,0.00,335.00,612.00,0.00,6.00,10.00,13000.00,15000.00,21574.00,0.00,0.00,2020.00,96.84,150.00,11.30,8.70
Mazda 6,27000.00,30000.00,40000.00,Mazda,C1,2000.00,2500.00,0.00,155.00,250.00,0.00,10.00,14.00,7500.00,9000.00,21524.00,30938.00,-30.43,2020.00,96.84,150.00,11.30,8.70
Mercedes-Benz GLA,38000.00,42000.00,50000.00,Mercedes-Benz,C2,1600.00,2000.00,0.00,135.00,250.00,0.00,8.00,12.00,8500.00,10500.00,21514.00,24136.00,-10.86,2020.00,96.84,150.00,11.30,8.70
Volvo 60-Series,40000.00,45000.00,50000.00,Volvo,B1,1500.00,2400.00,0.00,150.00,230.00,0.00,10.00,14.00,9000.00,10500.00,20190.00,12176.00,65.82,2020.00,96.84,150.00,11.30,8.70
Nissan NV,30000.00,35000.00,45000.00,Nissan,D1,2000.00,4000.00,0.00,130.00,265.00,0.00,8.00,11.00,10000.00,12500.00,20022.00,16902.00,18.46,2020.00,96.84,150.00,11.30,8.70
Mitsubishi Eclipse Cross,25000.00,28000.00,35000.00,Mitsubishi,C2,1500.00,2500.00,0.00,150.00,163.00,0.00,10.00,14.00,7000.00,8500.00,19661.00,9485.00,107.29,2020.00,96.84,150.00,11.30,8.70
Tesla Model X,90000.00,100000.00,120000.00,Tesla,D2,Electric,Electric,1.00,328.00,1020.00,0.00,14.00,20.00,16000.00,18000.00,19600.00,27250.00,-28.07,2020.00,96.84,150.00,11.30,8.70
Hyundai Ioniq,25000.00,28000.00,35000.00,Hyundai,B1,Electric,Electric,1.00,136.00,136.00,1.00,20.00,22.00,6500.00,8000.00,19574.00,15076.00,29.84,2020.00,96.84,150.00,11.30,8.70
Infiniti QX80,70000.00,75000.00,90000.00,Infiniti,D1,5600.00,5600.00,1.00,400.00,400.00,1.00,6.00,8.00,12500.00,14500.00,19113.00,19207.00,-0.49,2020.00,96.84,150.00,11.30,8.70
Porsche Cayenne,70000.00,80000.00,100000.00,Porsche,D1,3000.00,4000.00,0.00,335.00,670.00,0.00,7.00,12.00,14500.00,16500.00,19001.00,11106.00,71.09,2020.00,96.84,150.00,11.30,8.70
Land Rover Range Rover,90000.00,100000.00,120000.00,Land Rover,D1,3000.00,5000.00,0.00,250.00,575.00,0.00,6.00,10.00,14000.00,16500.00,18831.00,19030.00,-1.05,2020.00,96.84,150.00,11.30,8.70
Nissan NV200,23000.00,25000.00,30000.00,Nissan,D1,1500.00,1500.00,1.00,106.00,106.00,1.00,12.00,16.00,10000.00,12500.00,18768.00,18628.00,0.75,2020.00,96.84,150.00,11.30,8.70
Lincoln Navigator,80000.00,90000.00,110000.00,Lincoln,D1,3500.00,5500.00,0.00,375.00,450.00,0.00,6.00,10.00,13000.00,15500.00,18656.00,17839.00,4.58,2020.00,96.84,150.00,11.30,8.70
BMW 4-Series,45000.00,50000.00,60000.00,BMW,C1,2000.00,3000.00,0.00,180.00,503.00,0.00,8.00,12.00,8500.00,11000.00,18621.00,31379.00,-40.66,2020.00,96.84,150.00,11.30,8.70
Infiniti QX50,38000.00,42000.00,50000.00,Infiniti,C2,2000.00,2000.00,1.00,268.00,268.00,1.00,8.00,12.00,9000.00,11500.00,18616.00,25389.00,-26.68,2020.00,96.84,150.00,11.30,8.70
Chevrolet Corvette,65000.00,70000.00,80000.00,Chevrolet,D2,3600.00,6200.00,0.00,455.00,670.00,0.00,7.00,11.00,12000.00,15000.00,17988.00,18789.00,-4.26,2020.00,96.84,150.00,11.30,8.70
BMW X1,40000.00,45000.00,50000.00,BMW,C2,1500.00,2000.00,0.00,140.00,228.00,0.00,10.00,14.00,7500.00,9500.00,17815.00,29057.00,-38.69,2020.00,96.84,150.00,11.30,8.70
Audi A6,55000.00,60000.00,70000.00,Audi,C1,2000.00,3000.00,0.00,190.00,335.00,0.00,9.00,12.00,9500.00,11500.00,17807.00,10561.00,68.61,2020.00,96.84,150.00,11.30,8.70
Lincoln MKZ,35000.00,40000.00,50000.00,Lincoln,C1,2500.00,3500.00,0.00,200.00,400.00,0.00,8.00,12.00,8500.00,10500.00,17726.00,19852.00,-10.71,2020.00,96.84,150.00,11.30,8.70
Volvo XC40,35000.00,40000.00,45000.00,Volvo,C2,1500.00,2000.00,0.00,150.00,250.00,0.00,12.00,15.00,8500.00,10000.00,17647.00,12420.00,42.09,2020.00,96.84,150.00,11.30,8.70
Volkswagen Beetle,25000.00,28000.00,35000.00,Volkswagen,B1,1200.00,2000.00,0.00,105.00,227.00,0.00,12.00,15.00,6500.00,8000.00,17215.00,14411.00,19.46,2020.00,96.84,150.00,11.30,8.70
Land Rover Range Rover Velar,55000.00,60000.00,80000.00,Land Rover,C2,2000.00,3000.00,0.00,247.00,575.00,0.00,7.00,10.00,12000.00,14500.00,17087.00,17037.00,0.29,2020.00,96.84,150.00,11.30,8.70
Lexus UX,35000.00,40000.00,45000.00,Lexus,B2,1800.00,2000.00,0.00,168.00,168.00,1.00,12.00,15.00,7500.00,9500.00,16723.00,453.00,3591.61,2020.00,96.84,150.00,11.30,8.70
Chevrolet Bolt,30000.00,35000.00,40000.00,Chevrolet,B2,Electric,Electric,1.00,200.00,200.00,1.00,20.00,24.00,6000.00,7500.00,16419.00,18020.00,-8.88,2020.00,96.84,150.00,11.30,8.70
Mazda CX-3,22000.00,25000.00,30000.00,Mazda,B2,1500.00,2000.00,0.00,110.00,148.00,0.00,12.00,15.00,6500.00,8000.00,16229.00,16899.00,-3.96,2020.00,96.84,150.00,11.30,8.70
Mercedes-Benz A-Class,35000.00,40000.00,45000.00,Mercedes-Benz,B1,1300.00,2000.00,0.00,136.00,302.00,0.00,9.00,13.00,8500.00,10500.00,15944.00,0.00,0.00,2020.00,96.84,150.00,11.30,8.70
Kia Carnival,35000.00,40000.00,45000.00,Kia,C2,2200.00,2200.00,1.00,200.00,200.00,1.00,10.00,13.00,9500.00,11500.00,15931.00,17928.00,-11.14,2020.00,96.84,150.00,11.30,8.70
Kia Sedona,35000.00,40000.00,45000.00,Kia,C2,3300.00,3300.00,1.00,276.00,276.00,1.00,8.00,11.00,8500.00,10500.00,15843.00,17928.00,-11.63,2020.00,96.84,150.00,11.30,8.70
Jaguar F-Pace,55000.00,60000.00,70000.00,Jaguar,C2,2000.00,3000.00,0.00,180.00,550.00,0.00,7.00,11.00,11000.00,13500.00,15491.00,12997.00,19.19,2020.00,96.84,150.00,11.30,8.70
Lexus IS,40000.00,45000.00,50000.00,Lexus,C1,2000.00,2500.00,0.00,204.00,350.00,0.00,8.00,12.00,8500.00,10500.00,14920.00,22927.00,-34.92,2020.00,96.84,150.00,11.30,8.70
Audi Q3,35000.00,40000.00,45000.00,Audi,B2,1500.00,2000.00,0.00,150.00,230.00,0.00,9.00,13.00,8500.00,10500.00,14822.00,16828.00,-11.92,2020.00,96.84,150.00,11.30,8.70
Acura ILX,27000.00,30000.00,35000.00,Acura,B1,1800.00,2000.00,0.00,150.00,201.00,0.00,10.00,14.00,6500.00,8000.00,14685.00,11273.00,30.27,2020.00,96.84,150.00,11.30,8.70
Tesla Model S,90000.00,95000.00,110000.00,Tesla,D2,Electric,Electric,1.00,370.00,1020.00,0.00,15.00,20.00,15000.00,18000.00,14425.00,29950.00,-51.84,2020.00,96.84,150.00,11.30,8.70
Audi Q8,70000.00,80000.00,90000.00,Audi,D1,3000.00,3000.00,1.00,335.00,500.00,0.00,7.00,10.00,12000.00,14500.00,14256.00,2029.00,602.61,2020.00,96.84,150.00,11.30,8.70
Volkswagen Passat,27000.00,32000.00,40000.00,Volkswagen,C1,1800.00,2500.00,0.00,150.00,220.00,0.00,10.00,14.00,7500.00,9500.00,14123.00,41401.00,-65.89,2020.00,96.84,150.00,11.30,8.70
Mini Countryman,30000.00,35000.00,45000.00,Mini,B2,1500.00,2000.00,0.00,136.00,228.00,0.00,9.00,13.00,7500.00,9000.00,14042.00,17565.00,-20.06,2020.00,96.84,150.00,11.30,8.70
Chevrolet Sonic,16000.00,18000.00,22000.00,Chevrolet,B1,1400.00,1800.00,0.00,115.00,138.00,0.00,13.00,17.00,6500.00,8000.00,13970.00,20613.00,-32.23,2020.00,96.84,150.00,11.30,8.70
Kia Stinger,35000.00,40000.00,50000.00,Kia,D2,2000.00,3300.00,0.00,255.00,368.00,0.00,7.00,10.00,9000.00,11500.00,13884.00,16806.00,-17.39,2020.00,96.84,150.00,11.30,8.70
Ford Taurus,28000.00,33000.00,40000.00,Ford,C1,2500.00,3500.00,0.00,288.00,365.00,0.00,8.00,12.00,8000.00,10000.00,13423.00,40341.00,-66.73,2020.00,96.84,150.00,11.30,8.70
Ford Five Hundred,28000.00,33000.00,40000.00,Ford,C1,2500.00,3000.00,0.00,200.00,250.00,0.00,10.00,13.00,8000.00,9500.00,13351.00,36088.00,-63.00,2020.00,96.84,150.00,11.30,8.70
Mercedes-Benz CLA,37000.00,42000.00,50000.00,Mercedes-Benz,B2,1500.00,2000.00,0.00,135.00,250.00,0.00,9.00,12.00,9000.00,11500.00,13212.00,26269.00,-49.70,2020.00,96.84,150.00,11.30,8.70
Ram ProMaster City,25000.00,30000.00,35000.00,Ram,B2,2400.00,2400.00,1.00,178.00,178.00,1.00,8.00,11.00,9500.00,11000.00,12919.00,13788.00,-6.30,2020.00,96.84,150.00,11.30,8.70
Hyundai Veloster,22000.00,25000.00,30000.00,Hyundai,B2,1600.00,2000.00,0.00,140.00,204.00,0.00,12.00,15.00,6000.00,7500.00,12849.00,10871.00,18.20,2020.00,96.84,150.00,11.30,8.70
Mercedes-Benz S-Class,110000.00,120000.00,150000.00,Mercedes-Benz,D1,3000.00,6000.00,0.00,335.00,612.00,0.00,6.00,10.00,15000.00,18500.00,12503.00,14978.00,-16.52,2020.00,96.84,150.00,11.30,8.70
Nissan Leaf,30000.00,35000.00,40000.00,Nissan,B1,Electric,Electric,1.00,147.00,147.00,1.00,16.00,18.00,5500.00,7000.00,12365.00,14715.00,-15.97,2020.00,96.84,150.00,11.30,8.70
Land Rover Discovery Sport,45000.00,50000.00,60000.00,Land Rover,C2,2000.00,2500.00,0.00,240.00,296.00,0.00,7.00,10.00,10000.00,12500.00,12337.00,12035.00,2.51,2020.00,96.84,150.00,11.30,8.70
Genesis G70,40000.00,45000.00,55000.00,Genesis,C1,2000.00,3300.00,0.00,252.00,365.00,0.00,8.00,12.00,9500.00,11500.00,11903.00,358.00,3224.86,2020.00,96.84,150.00,11.30,8.70
Mercedes-Benz Metris,35000.00,40000.00,50000.00,Mercedes-Benz,D1,2000.00,2000.00,1.00,208.00,208.00,1.00,9.00,11.00,9500.00,11000.00,11718.00,7800.00,50.23,2020.00,96.84,150.00,11.30,8.70
Honda Clarity FCV,60000.00,65000.00,70000.00,Honda,C1,Electric,Electric,1.00,174.00,174.00,1.00,0.00,0.00,7500.00,9000.00,11654.00,20174.00,-42.23,2020.00,96.84,150.00,11.30,8.70
Cadillac XT6,55000.00,60000.00,70000.00,Cadillac,C2,3600.00,3600.00,1.00,310.00,310.00,1.00,7.00,10.00,9000.00,11000.00,11560.00,0.00,0.00,2020.00,96.84,150.00,11.30,8.70
Land Rover Range Rover Evoque,45000.00,50000.00,55000.00,Land Rover,C2,2000.00,2500.00,0.00,147.00,296.00,0.00,7.00,10.00,11000.00,13500.00,11529.00,9917.00,16.25,2020.00,96.84,150.00,11.30,8.70
Cadillac XTS,46000.00,50000.00,60000.00,Cadillac,C1,3600.00,3600.00,1.00,304.00,304.00,1.00,6.00,9.00,9000.00,11000.00,11306.00,17729.00,-36.23,2020.00,96.84,150.00,11.30,8.70
BMW X2,35000.00,40000.00,45000.00,BMW,B2,1500.00,2000.00,0.00,140.00,228.00,0.00,9.00,13.00,8000.00,9500.00,11293.00,16154.00,-30.09,2020.00,96.84,150.00,11.30,8.70
Audi A3,30000.00,35000.00,40000.00,Audi,B1,1500.00,2000.00,0.00,150.00,200.00,0.00,9.00,13.00,7500.00,9000.00,10418.00,18305.00,-43.09,2020.00,96.84,150.00,11.30,8.70
Buick Regal,25000.00,30000.00,40000.00,Buick,C1,1500.00,2500.00,0.00,160.00,250.00,0.00,8.00,12.00,7500.00,9000.00,10363.00,14117.00,-26.59,2020.00,96.84,150.00,11.30,8.70
Toyota Sequoia,55000.00,60000.00,70000.00,Toyota,D1,4600.00,5700.00,0.00,278.00,381.00,0.00,5.00,8.00,12000.00,14500.00,10289.00,11121.00,-7.48,2020.00,96.84,150.00,11.30,8.70
Alfa Romeo Stelvio,45000.00,50000.00,60000.00,Alfa Romeo,C2,2000.00,2000.00,1.00,280.00,280.00,1.00,7.00,11.00,10000.00,12500.00,9444.00,12043.00,-21.58,2020.00,96.84,150.00,11.30,8.70
Porsche 911,100000.00,110000.00,150000.00,Porsche,D2,3000.00,4000.00,0.00,370.00,640.00,0.00,6.00,10.00,15000.00,18000.00,9265.00,9783.00,-5.29,2020.00,96.84,150.00,11.30,8.70
Land Rover Discovery / LR4,55000.00,60000.00,70000.00,Land Rover,C2,3000.00,3500.00,0.00,240.00,375.00,0.00,7.00,10.00,12000.00,14000.00,9184.00,9842.00,-6.69,2020.00,96.84,150.00,11.30,8.70
BMW 7-Series,85000.00,90000.00,110000.00,BMW,D1,2000.00,4400.00,0.00,255.00,601.00,0.00,6.00,10.00,12000.00,14500.00,8823.00,8271.00,6.67,2020.00,96.84,150.00,11.30,8.70
BMW X4,55000.00,60000.00,70000.00,BMW,C2,2000.00,3000.00,0.00,190.00,503.00,0.00,7.00,10.00,9000.00,11500.00,8758.00,4323.00,102.59,2020.00,96.84,150.00,11.30,8.70
Alfa Romeo Giulia,40000.00,45000.00,50000.00,Alfa Romeo,C1,2000.00,2000.00,1.00,200.00,280.00,0.00,7.00,12.00,8000.00,10000.00,8705.00,11519.00,-24.43,2020.00,96.84,150.00,11.30,8.70
Lincoln Aviator,55000.00,60000.00,70000.00,Lincoln,D1,3000.00,3500.00,0.00,400.00,400.00,1.00,6.00,9.00,12000.00,14000.00,8324.00,0.00,0.00,2020.00,96.84,150.00,11.30,8.70
BMW 2-Series,35000.00,40000.00,50000.00,BMW,B1,1500.00,2500.00,0.00,148.00,322.00,0.00,8.00,12.00,7500.00,9000.00,8015.00,9208.00,-12.96,2020.00,96.84,150.00,11.30,8.70
Cadillac CT6,55000.00,60000.00,70000.00,Cadillac,D1,2000.00,3600.00,0.00,335.00,404.00,0.00,7.00,11.00,9000.00,11500.00,7952.00,9669.00,-17.76,2020.00,96.84,150.00,11.30,8.70
Mazda MX-5 Miata,30000.00,35000.00,40000.00,Mazda,S1,1500.00,1800.00,0.00,155.00,181.00,0.00,12.00,15.00,6000.00,7500.00,7753.00,8971.00,-13.58,2020.00,96.84,150.00,11.30,8.70
Buick LaCrosse,32000.00,35000.00,40000.00,Buick,C1,2500.00,3600.00,0.00,194.00,310.00,0.00,7.00,10.00,7500.00,9000.00,7241.00,15527.00,-53.37,2020.00,96.84,150.00,11.30,8.70
Genesis G80,50000.00,55000.00,65000.00,Genesis,C1,2500.00,3800.00,0.00,311.00,420.00,0.00,8.00,12.00,9000.00,11500.00,7095.00,7446.00,-4.71,2020.00,96.84,150.00,11.30,8.70
Cadillac CTS,45000.00,50000.00,60000.00,Cadillac,C1,2000.00,3600.00,0.00,272.00,640.00,0.00,7.00,11.00,8500.00,10500.00,6966.00,11220.00,-37.91,2020.00,96.84,150.00,11.30,8.70
Porsche Panamera,90000.00,100000.00,150000.00,Porsche,D1,3000.00,4000.00,0.00,330.00,680.00,0.00,6.00,9.00,13000.00,15500.00,6625.00,8114.00,-18.35,2020.00,96.84,150.00,11.30,8.70
Lincoln Continental,45000.00,50000.00,60000.00,Lincoln,D1,3000.00,3500.00,0.00,400.00,400.00,1.00,7.00,10.00,10000.00,12000.00,6587.00,8758.00,-24.79,2020.00,96.84,150.00,11.30,8.70
Mercedes-Benz G-Class,140000.00,150000.00,180000.00,Mercedes-Benz,D1,4000.00,4000.00,1.00,416.00,577.00,0.00,5.00,7.00,15000.00,18500.00,6092.00,3593.00,69.55,2020.00,96.84,150.00,11.30,8.70
Lexus LS,80000.00,90000.00,100000.00,Lexus,D1,3500.00,5000.00,0.00,292.00,416.00,0.00,7.00,11.00,12000.00,14500.00,5528.00,9301.00,-40.57,2020.00,96.84,150.00,11.30,8.70
Audi eTron,75000.00,80000.00,90000.00,Audi,C2,Electric,Electric,1.00,355.00,402.00,0.00,15.00,22.00,13000.00,15000.00,5369.00,0.00,0.00,2020.00,96.84,150.00,11.30,8.70
Infiniti Q60,40000.00,45000.00,55000.00,Infiniti,C1,3000.00,3000.00,1.00,300.00,400.00,0.00,7.00,10.00,8500.00,10000.00,5043.00,8405.00,-40.00,2020.00,96.84,150.00,11.30,8.70
Audi A7,60000.00,65000.00,75000.00,Audi,D1,2000.00,3000.00,0.00,248.00,335.00,0.00,7.00,10.00,10000.00,12000.00,4955.00,3852.00,28.63,2020.00,96.84,150.00,11.30,8.70
Chevrolet Volt,35000.00,40000.00,45000.00,Chevrolet,C2,Electric,Electric,1.00,150.00,150.00,1.00,15.00,17.00,7000.00,8500.00,4911.00,18306.00,-73.17,2020.00,96.84,150.00,11.30,8.70
BMW i3,45000.00,50000.00,60000.00,BMW,B2,Electric,Electric,1.00,170.00,170.00,1.00,15.00,20.00,6500.00,8000.00,4853.00,6120.00,-20.70,2020.00,96.84,150.00,11.30,8.70
Jaguar E-Pace,45000.00,50000.00,60000.00,Jaguar,C2,2000.00,2000.00,1.00,200.00,296.00,0.00,7.00,10.00,9000.00,11000.00,4782.00,5985.00,-20.10,2020.00,96.84,150.00,11.30,8.70
Lexus LX,90000.00,95000.00,110000.00,Lexus,D1,5700.00,5700.00,1.00,383.00,383.00,1.00,5.00,7.00,13000.00,15500.00,4718.00,4753.00,-0.74,2020.00,96.84,150.00,11.30,8.70
Lexus RC,45000.00,50000.00,60000.00,Lexus,C1,2500.00,3500.00,0.00,255.00,350.00,0.00,7.00,11.00,9000.00,11000.00,4591.00,3358.00,36.72,2020.00,96.84,150.00,11.30,8.70
BMW 8-Series,85000.00,90000.00,120000.00,BMW,D1,3000.00,4400.00,0.00,335.00,523.00,0.00,6.00,10.00,12500.00,15000.00,4410.00,223.00,1877.58,2020.00,96.84,150.00,11.30,8.70
BMW X6,65000.00,70000.00,80000.00,BMW,D1,3000.00,4400.00,0.00,300.00,617.00,0.00,7.00,10.00,12000.00,14000.00,4240.00,6862.00,-38.21,2020.00,96.84,150.00,11.30,8.70
Volvo 90-Series,60000.00,70000.00,80000.00,Volvo,D1,2000.00,3000.00,0.00,250.00,400.00,0.00,7.00,10.00,10500.00,12500.00,4052.00,9892.00,-59.04,2020.00,96.84,150.00,11.30,8.70
Mercedes-Benz AMG GT,130000.00,140000.00,200000.00,Mercedes-Benz,D2,4000.00,4000.00,1.00,469.00,720.00,0.00,5.00,8.00,15000.00,17500.00,4048.00,1525.00,165.44,2020.00,96.84,150.00,11.30,8.70
Porsche 718,60000.00,65000.00,80000.00,Porsche,S1,2000.00,2500.00,0.00,300.00,420.00,0.00,7.00,10.00,12000.00,14000.00,3880.00,5276.00,-26.46,2020.00,96.84,150.00,11.30,8.70
Jaguar XE,45000.00,50000.00,60000.00,Jaguar,C1,2000.00,2000.00,1.00,250.00,296.00,0.00,8.00,12.00,8500.00,10000.00,3551.00,4704.00,-24.51,2020.00,96.84,150.00,11.30,8.70
Toyota Land Cruiser,90000.00,95000.00,110000.00,Toyota,D1,4500.00,5700.00,0.00,261.00,381.00,0.00,6.00,8.00,13000.00,15500.00,3536.00,3235.00,9.30,2020.00,96.84,150.00,11.30,8.70
Toyota 86 / FR-S,30000.00,35000.00,40000.00,Toyota,S1,2000.00,2000.00,1.00,197.00,200.00,0.00,9.00,13.00,7500.00,9500.00,3398.00,4133.00,-17.78,2020.00,96.84,150.00,11.30,8.70
Lincoln MKT,50000.00,55000.00,60000.00,Lincoln,C2,3500.00,3500.00,1.00,365.00,365.00,1.00,6.00,9.00,10000.00,12500.00,3388.00,2324.00,45.78,2020.00,96.84,150.00,11.30,8.70
Lexus GS,45000.00,50000.00,60000.00,Lexus,C1,2500.00,4000.00,0.00,305.00,467.00,0.00,7.00,10.00,9000.00,11000.00,3378.00,6604.00,-48.85,2020.00,96.84,150.00,11.30,8.70
Fiat 500,17000.00,20000.00,25000.00,Fiat,A,1200.00,1400.00,0.00,69.00,105.00,0.00,15.00,18.00,5500.00,7000.00,3267.00,5370.00,-39.16,2020.00,96.84,150.00,11.30,8.70
Infiniti QX30,30000.00,35000.00,40000.00,Infiniti,B2,2000.00,2000.00,1.00,208.00,208.00,1.00,10.00,12.00,9500.00,11000.00,3229.00,8101.00,-60.14,2020.00,96.84,150.00,11.30,8.70
Audi A8,85000.00,90000.00,100000.00,Audi,D1,3000.00,4000.00,0.00,249.00,503.00,0.00,7.00,12.00,12000.00,14000.00,2963.00,1599.00,85.30,2020.00,96.84,150.00,11.30,8.70
BMW Z4,50000.00,55000.00,70000.00,BMW,S1,2000.00,3000.00,0.00,197.00,382.00,0.00,8.00,12.00,9500.00,11000.00,2941.00,4.00,73425.00,2020.00,96.84,150.00,11.30,8.70
Toyota Supra,45000.00,50000.00,60000.00,Toyota,S1,2000.00,3000.00,0.00,255.00,382.00,0.00,7.00,10.00,9000.00,11000.00,2884.00,0.00,0.00,2020.00,96.84,150.00,11.30,8.70
Mitsubishi Outlander PHEV,35000.00,40000.00,45000.00,Mitsubishi,C2,Electric,Electric,1.00,160.00,160.00,1.00,30.00,40.00,8000.00,10000.00,2810.00,3866.00,-27.32,2020.00,96.84,150.00,11.30,8.70
Fiat 124 Spider,25000.00,30000.00,35000.00,Fiat,S1,1400.00,1400.00,1.00,160.00,160.00,1.00,10.00,14.00,7500.00,9000.00,2646.00,3515.00,-24.72,2020.00,96.84,150.00,11.30,8.70
Jaguar I-Pace,70000.00,80000.00,90000.00,Jaguar,C2,Electric,Electric,1.00,294.00,394.00,0.00,22.00,30.00,13000.00,15000.00,2594.00,393.00,560.05,2020.00,96.84,150.00,11.30,8.70
Infiniti Q70,50000.00,55000.00,65000.00,Infiniti,C1,2500.00,5600.00,0.00,330.00,420.00,0.00,7.00,10.00,10000.00,12000.00,2552.00,4479.00,-43.02,2020.00,96.84,150.00,11.30,8.70
Buick Cascada,30000.00,35000.00,40000.00,Buick,C2,1600.00,1600.00,1.00,200.00,200.00,1.00,10.00,14.00,8500.00,10500.00,2535.00,4628.00,-45.22,2020.00,96.84,150.00,11.30,8.70
Fiat 500X,20000.00,25000.00,30000.00,Fiat,B2,1400.00,1600.00,0.00,160.00,160.00,1.00,12.00,16.00,7500.00,9000.00,2519.00,5223.00,-51.77,2020.00,96.84,150.00,11.30,8.70
Volkswagen Arteon,40000.00,45000.00,50000.00,Volkswagen,C1,2000.00,2500.00,0.00,190.00,280.00,0.00,8.00,12.00,9000.00,11000.00,2449.00,0.00,0.00,2020.00,96.84,150.00,11.30,8.70
Nissan 370Z,30000.00,35000.00,45000.00,Nissan,S1,3700.00,3700.00,1.00,332.00,332.00,1.00,6.00,9.00,9000.00,11500.00,2384.00,3468.00,-31.26,2020.00,96.84,150.00,11.30,8.70
Subaru BRZ,28000.00,32000.00,35000.00,Subaru,S1,2000.00,2000.00,1.00,200.00,205.00,0.00,9.00,12.00,7500.00,9500.00,2334.00,3834.00,-39.12,2020.00,96.84,150.00,11.30,8.70
Jaguar F-Type,65000.00,75000.00,90000.00,Jaguar,S2,3000.00,5000.00,0.00,296.00,575.00,0.00,7.00,10.00,12500.00,15000.00,2279.00,2268.00,0.49,2020.00,96.84,150.00,11.30,8.70
Genesis G90,75000.00,80000.00,90000.00,Genesis,D1,3800.00,5000.00,0.00,365.00,420.00,0.00,7.00,11.00,12500.00,14500.00,2239.00,2136.00,4.82,2020.00,96.84,150.00,11.30,8.70
Mercedes-Benz SLC,50000.00,55000.00,60000.00,Mercedes-Benz,S2,2000.00,3500.00,0.00,181.00,384.00,0.00,7.00,10.00,10000.00,12500.00,1916.00,1993.00,-3.86,2020.00,96.84,150.00,11.30,8.70
Mercedes-Benz SL,90000.00,100000.00,120000.00,Mercedes-Benz,D1,3500.00,6000.00,0.00,302.00,621.00,0.00,6.00,9.00,12000.00,14000.00,1791.00,2126.00,-15.76,2020.00,96.84,150.00,11.30,8.70
Kia Cadenza,35000.00,40000.00,45000.00,Kia,C1,3300.00,3300.00,1.00,290.00,290.00,1.00,8.00,11.00,8000.00,9500.00,1577.00,4507.00,-65.01,2020.00,96.84,150.00,11.30,8.70
Toyota Mirai,60000.00,65000.00,70000.00,Toyota,C2,Electric,Electric,1.00,153.00,153.00,1.00,20.00,22.00,10000.00,12000.00,1502.00,1689.00,-11.07,2020.00,96.84,150.00,11.30,8.70
Audi TT,45000.00,50000.00,60000.00,Audi,S1,1800.00,2500.00,0.00,197.00,400.00,0.00,8.00,12.00,7500.00,9000.00,1324.00,1289.00,2.72,2020.00,96.84,150.00,11.30,8.70
Jaguar XF,50000.00,55000.00,65000.00,Jaguar,C1,2000.00,3000.00,0.00,200.00,296.00,0.00,8.00,12.00,9500.00,11500.00,1236.00,2208.00,-44.02,2020.00,96.84,150.00,11.30,8.70
Lexus LC,90000.00,95000.00,110000.00,Lexus,D1,3500.00,5000.00,0.00,293.00,471.00,0.00,7.00,11.00,13500.00,15500.00,1219.00,1979.00,-38.40,2020.00,96.84,150.00,11.30,8.70
Mercedes-Benz GLB,40000.00,45000.00,55000.00,Mercedes-Benz,C2,2000.00,2000.00,1.00,224.00,302.00,0.00,10.00,13.00,10000.00,12000.00,1173.00,0.00,0.00,2020.00,96.84,150.00,11.30,8.70
BMW 6-Series,60000.00,65000.00,80000.00,BMW,D1,3000.00,4400.00,0.00,335.00,600.00,0.00,6.00,9.00,12000.00,14500.00,1139.00,3762.00,-69.72,2020.00,96.84,150.00,11.30,8.70
Cadillac ATS,38000.00,43000.00,50000.00,Cadillac,C1,2000.00,2500.00,0.00,272.00,335.00,0.00,8.00,11.00,8000.00,9500.00,1134.00,10860.00,-89.56,2020.00,96.84,150.00,11.30,8.70
BMW i8,140000.00,150000.00,180000.00,BMW,D2,Electric,Electric,1.00,357.00,357.00,1.00,20.00,25.00,16000.00,18000.00,1102.00,772.00,42.75,2020.00,96.84,150.00,11.30,8.70
Hyundai Venue,20000.00,23000.00,28000.00,Hyundai,B2,1200.00,1400.00,0.00,83.00,118.00,0.00,17.00,20.00,6500.00,8000.00,1077.00,0.00,0.00,2020.00,96.84,150.00,11.30,8.70
Acura RLX,55000.00,60000.00,70000.00,Acura,C1,3500.00,3500.00,1.00,310.00,310.00,1.00,8.00,12.00,9500.00,11000.00,1019.00,1931.00,-47.23,2020.00,96.84,150.00,11.30,8.70
Mazda CX-30,23000.00,26000.00,30000.00,Mazda,B2,2000.00,2000.00,1.00,155.00,186.00,0.00,10.00,14.00,7500.00,9000.00,899.00,0.00,0.00,2020.00,96.84,150.00,11.30,8.70
Fiat 500L,22000.00,25000.00,28000.00,Fiat,B2,1400.00,1400.00,1.00,160.00,160.00,1.00,12.00,16.00,6500.00,8000.00,772.00,1413.00,-45.36,2020.00,96.84,150.00,11.30,8.70
Ford GT,500000.00,N/A,N/A,Ford,D2,3500.00,3500.00,1.00,647.00,647.00,1.00,8.00,11.00,20000.00,25000.00,698.00,126.00,453.97,2020.00,96.84,150.00,11.30,8.70
Audi R8,160000.00,170000.00,200000.00,Audi,D2,4200.00,5200.00,0.00,540.00,602.00,0.00,6.00,9.00,18000.00,20000.00,574.00,927.00,-38.08,2020.00,96.84,150.00,11.30,8.70
Kia K900,60000.00,65000.00,70000.00,Kia,D1,3800.00,3800.00,1.00,420.00,420.00,1.00,7.00,10.00,12500.00,14500.00,392.00,354.00,10.73,2020.00,96.84,150.00,11.30,8.70
Nissan GT-R,115000.00,120000.00,150000.00,Nissan,D2,3800.00,3800.00,1.00,565.00,565.00,1.00,7.00,9.00,15000.00,18000.00,331.00,538.00,-38.48,2020.00,96.84,150.00,11.30,8.70
Hyundai Nexo,60000.00,65000.00,70000.00,Hyundai,C2,Electric,Electric,1.00,161.00,161.00,1.00,20.00,25.00,9500.00,11500.00,267.00,8.00,3237.50,2020.00,96.84,150.00,11.30,8.70
Acura NSX,157000.00,N/A,N/A,Acura,D2,3500.00,Electric,0.00,537.00,537.00,1.00,10.00,15.00,18000.00,20000.00,238.00,170.00,40.00,2020.00,96.84,150.00,11.30,8.70
Volkswagen Touareg,55000.00,60000.00,70000.00,Volkswagen,D1,3000.00,3000.00,1.00,231.00,406.00,0.00,6.00,8.00,10500.00,12500.00,160.00,2022.00,-92.09,2020.00,96.84,150.00,11.30,8.70
Alfa Romeo 4C,60000.00,N/A,N/A,Alfa Romeo,S1,1750.00,1750.00,1.00,237.00,237.00,1.00,9.00,12.00,10000.00,12500.00,145.00,238.00,-39.08,2020.00,96.84,150.00,11.30,8.70
Porsche Taycan,80000.00,90000.00,120000.00,Porsche,D2,Electric,Electric,1.00,402.00,750.00,0.00,20.00,30.00,18000.00,20000.00,130.00,0.00,0.00,2020.00,96.84,150.00,11.30,8.70
Volkswagen,36000.00,42000.00,50000.00,Volkswagen,C1,2000.00,2500.00,0.00,200.00,280.00,0.00,8.00,12.00,9000.00,11000.00,58.00,455.00,-87.25,2020.00,96.84,150.00,11.30,8.70
Chrysler 200,22000.00,25000.00,30000.00,Chrysler,C1,2400.00,2400.00,1.00,184.00,184.00,1.00,10.00,13.00,7500.00,9000.00,48.00,1043.00,-95.40,2020.00,96.84,150.00,11.30,8.70
Cadillac CT5,45000.00,50000.00,60000.00,Cadillac,C1,2000.00,3600.00,0.00,237.00,335.00,0.00,7.00,12.00,9000.00,11000.00,43.00,0.00,0.00,2020.00,96.84,150.00,11.30,8.70
Jeep Patriot,20000.00,25000.00,30000.00,Jeep,C2,2400.00,2400.00,1.00,172.00,172.00,1.00,10.00,13.00,7500.00,9500.00,27.00,621.00,-95.65,2020.00,96.84,150.00,11.30,8.70
Dodge Dart,20000.00,23000.00,28000.00,Dodge,B2,1400.00,2400.00,0.00,160.00,184.00,0.00,12.00,16.00,6500.00,8000.00,16.00,389.00,-95.89,2020.00,96.84,150.00,11.30,8.70